k1             a1             c1             k2             a2             c2             k3             a3             c3             gamma1         gamma2         LogPost        b1             b2             b3             
   0.380089E+00   0.157558E+02   0.153611E+01   0.399882E+00   0.183329E+02   0.166366E+01   0.101506E+01   0.565677E+01   0.165846E+01   0.210872E-01   0.125887E+00   0.471567E+01   0.380089E+00   0.375471E+00   0.101506E+01
   0.368144E+00    0.14524E+02   0.155261E+01    0.45012E+00   0.174366E+02   0.165704E+01   0.978173E+00   0.619793E+01    0.16966E+01   0.273105E-01   0.767145E-01   0.239757E+01   0.368144E+00   0.364171E+00   0.978173E+00
   0.381404E+00   0.126852E+02   0.147205E+01   0.478201E+00   0.200478E+02   0.168832E+01   0.999544E+00   0.443263E+01   0.165595E+01   0.442808E-01   0.865969E-01   0.397087E+01   0.381404E+00   0.378652E+00   0.999544E+00
   0.371563E+00   0.133757E+02   0.155974E+01   0.387699E+00   0.176379E+02   0.167322E+01    0.10352E+01   0.596266E+01   0.168769E+01    0.37504E-01   0.624378E-01   0.402467E+01   0.371563E+00   0.369605E+00    0.10352E+01
    0.38644E+00   0.134306E+02   0.147633E+01   0.411269E+00   0.194069E+02    0.16741E+01   0.101954E+01   0.372485E+01    0.17121E+01   0.391766E-01   0.910265E-01   0.337101E+01    0.38644E+00   0.380432E+00   0.101954E+01
   0.351819E+00   0.969886E+01   0.152122E+01   0.432317E+00   0.164271E+02    0.16755E+01   0.106169E+01    0.68595E+01   0.166145E+01   0.259957E-01   0.990786E-01   0.296132E+01   0.351819E+00   0.358192E+00   0.106169E+01
    0.35841E+00   0.123904E+02   0.151556E+01   0.368329E+00   0.155334E+02   0.167933E+01    0.10915E+01   0.313474E+01   0.170119E+01   0.258522E-01    0.94362E-01   0.253321E+01    0.35841E+00   0.354733E+00    0.10915E+01
   0.386238E+00   0.133888E+02   0.151483E+01   0.442536E+00   0.189787E+02   0.164619E+01   0.976067E+00   0.305206E+01    0.17179E+01   0.641258E-01   0.774767E-01   0.293201E+00   0.386238E+00   0.385237E+00   0.976067E+00
   0.374121E+00   0.204151E+02   0.146685E+01   0.379682E+00   0.178472E+02   0.167882E+01   0.976587E+00   0.783717E+01   0.170112E+01   0.334148E-01   0.823313E-01    0.10273E+01   0.374121E+00   0.368078E+00   0.976587E+00
   0.377372E+00    0.13728E+02   0.153888E+01   0.459175E+00   0.190826E+02   0.165997E+01   0.936102E+00   0.528486E+01   0.163915E+01   0.224094E-01   0.864075E-01   0.346919E+01   0.377372E+00   0.378653E+00   0.936102E+00
   0.368582E+00   0.132523E+02   0.151524E+01   0.425064E+00   0.179837E+02   0.171735E+01   0.940376E+00   0.492264E+01   0.167826E+01   0.185604E-01   0.782502E-01   0.573266E+01   0.368582E+00   0.358752E+00   0.940376E+00
   0.375166E+00   0.135711E+02   0.152962E+01   0.514566E+00   0.245732E+02   0.169635E+01   0.101533E+01   0.445415E+01    0.16708E+01   0.408176E-01   0.856638E-01  -0.641803E+00   0.375166E+00    0.39534E+00   0.101533E+01
   0.357824E+00   0.111176E+02   0.148585E+01   0.502602E+00   0.180314E+02   0.167569E+01    0.91652E+00   0.394798E+01   0.163381E+01    0.79926E-02   0.113379E+00   0.349158E+01   0.357824E+00   0.367565E+00    0.91652E+00
   0.377989E+00   0.129152E+02   0.146061E+01    0.40903E+00   0.187434E+02   0.167496E+01   0.104328E+01   0.584451E+01   0.162797E+01   0.106362E-01   0.117085E+00    0.35886E+01   0.377989E+00   0.370273E+00   0.104328E+01
   0.376917E+00   0.146388E+02   0.150133E+01   0.430689E+00   0.180282E+02   0.164213E+01   0.964228E+00   0.343031E+01   0.163633E+01    0.10042E-01   0.192924E+00   0.635926E+00   0.376917E+00    0.36983E+00   0.964228E+00
   0.371801E+00   0.141909E+02   0.147054E+01   0.385794E+00   0.194401E+02    0.17053E+01   0.913358E+00   0.679311E+01   0.167456E+01   0.161797E-01   0.104819E+00   0.375757E+01   0.371801E+00   0.364854E+00   0.913358E+00
    0.35777E+00   0.170774E+02   0.152891E+01   0.373129E+00    0.14715E+02   0.167834E+01   0.997929E+00   0.820253E+01   0.167662E+01   0.439401E-02   0.161534E+00   0.282283E+01    0.35777E+00   0.348787E+00   0.997929E+00
   0.372607E+00   0.130493E+02   0.153524E+01     0.4052E+00   0.185856E+02   0.167364E+01   0.970396E+00   0.238221E+01   0.164022E+01   0.263908E-01   0.515982E-01   0.237227E+01   0.372607E+00   0.370181E+00   0.970396E+00
   0.361218E+00   0.163473E+02   0.149804E+01   0.375111E+00   0.177897E+02   0.173371E+01   0.935873E+00   0.360752E+01   0.167612E+01   0.318116E-01   0.830728E-01    0.18508E+01   0.361218E+00   0.351448E+00   0.935873E+00
   0.355604E+00   0.121006E+02    0.14798E+01   0.357035E+00   0.158779E+02   0.165528E+01   0.101542E+01   0.484947E+01   0.166919E+01   0.430075E-02   0.142386E+00   0.524717E+01   0.355604E+00   0.354603E+00   0.101542E+01
   0.376821E+00   0.154639E+02   0.149107E+01   0.404033E+00   0.178571E+02   0.169543E+01   0.985038E+00   0.451489E+01   0.169493E+01   0.419483E-01   0.842791E-01    0.67102E+01   0.376821E+00   0.365434E+00   0.985038E+00
   0.372438E+00   0.175507E+02   0.150553E+01   0.401819E+00   0.166385E+02   0.171005E+01   0.902227E+00   0.495407E+01   0.167895E+01   0.792715E-02   0.732855E-01   0.283762E+01   0.372438E+00   0.355598E+00   0.902227E+00
   0.370713E+00    0.11155E+02   0.153804E+01   0.432574E+00   0.189456E+02   0.166941E+01   0.938773E+00   0.649599E+01   0.169057E+01   0.115005E+00   0.960335E-01  -0.177102E+01   0.370713E+00   0.376505E+00   0.938773E+00
   0.375297E+00   0.124871E+02   0.150414E+01   0.389704E+00   0.181686E+02   0.168785E+01   0.969407E+00   0.476277E+01   0.166475E+01   0.780997E-01   0.132085E+00    0.25398E+01   0.375297E+00   0.371402E+00   0.969407E+00
   0.373161E+00   0.129634E+02   0.152038E+01   0.377324E+00   0.185776E+02   0.166116E+01   0.100049E+01   0.423109E+01   0.165178E+01   0.426547E-01   0.377904E-01   0.321603E+01   0.373161E+00   0.371989E+00   0.100049E+01
   0.376501E+00   0.130584E+02   0.152404E+01   0.377112E+00   0.180755E+02    0.16669E+01   0.978462E+00    0.63461E+01    0.17185E+01   0.575701E-01   0.987339E-01   0.329605E+01   0.376501E+00   0.376163E+00   0.978462E+00
   0.365766E+00   0.155164E+02    0.15089E+01    0.36591E+00   0.180065E+02   0.169285E+01   0.963293E+00   0.872175E+01   0.164673E+01   0.159531E-01   0.182945E+00   0.238259E+01   0.365766E+00   0.365565E+00   0.963293E+00
   0.366021E+00   0.129519E+02   0.151224E+01   0.477301E+00   0.167051E+02   0.168961E+01   0.898583E+00    0.82839E+01   0.167597E+01   0.230639E-01   0.212149E+00  -0.340966E+01   0.366021E+00   0.356767E+00   0.898583E+00
   0.357957E+00   0.126544E+02   0.154897E+01   0.444078E+00   0.170094E+02   0.168298E+01   0.960458E+00   0.427013E+01    0.16743E+01   0.294543E-01    0.10024E+00   0.301413E+01   0.357957E+00   0.356261E+00   0.960458E+00
   0.370876E+00   0.144707E+02   0.146568E+01   0.379372E+00   0.166125E+02   0.166391E+01   0.107904E+01   0.490449E+01   0.161401E+01    0.48323E-01   0.737453E-01   0.119672E+01   0.370876E+00   0.365572E+00   0.107904E+01
   0.370117E+00   0.158946E+02    0.15158E+01   0.400112E+00   0.154545E+02   0.168197E+01   0.944685E+00   0.596102E+01   0.170191E+01   0.647236E-02   0.172495E+00   0.391974E+01   0.370117E+00   0.356984E+00   0.944685E+00
   0.376587E+00   0.123778E+02   0.149167E+01   0.459656E+00   0.201208E+02   0.170346E+01   0.925108E+00    0.19919E+01   0.169015E+01   0.436477E-01   0.724087E-01    0.25433E+01   0.376587E+00   0.374558E+00   0.925108E+00
   0.364516E+00   0.128859E+02   0.146869E+01   0.422374E+00   0.145954E+02   0.168944E+01   0.104398E+01   0.356777E+01   0.166905E+01   0.278779E-03   0.154189E+00    0.27874E+01   0.364516E+00   0.344381E+00   0.104398E+01
   0.361386E+00   0.113353E+02   0.152929E+01   0.495911E+00   0.186411E+02   0.166083E+01   0.979891E+00   0.720606E+01   0.172685E+01   0.152252E-01   0.135459E+00   0.171419E+01   0.361386E+00   0.379035E+00   0.979891E+00
   0.381744E+00   0.152685E+02   0.151777E+01   0.427622E+00   0.184577E+02   0.168075E+01   0.959213E+00    0.44379E+01    0.17021E+01   0.238498E-01   0.138281E+00    0.45061E+01   0.381744E+00   0.372368E+00   0.959213E+00
   0.374308E+00   0.143734E+02    0.14686E+01     0.4232E+00   0.147603E+02   0.167281E+01    0.94023E+00    0.48412E+01   0.164714E+01   0.139181E-01   0.122301E+00   0.347563E+01   0.374308E+00   0.353641E+00    0.94023E+00
    0.37738E+00    0.13101E+02   0.147926E+01    0.38866E+00   0.174506E+02   0.164815E+01   0.101413E+01   0.619514E+01   0.167444E+01   0.297669E-01   0.100051E+00   0.640967E+01    0.37738E+00   0.373651E+00   0.101413E+01
   0.367609E+00   0.138179E+02   0.151076E+01   0.371144E+00   0.175896E+02   0.165838E+01   0.101536E+01   0.490955E+01   0.168719E+01   0.336578E-01   0.942391E-01   0.721958E+01   0.367609E+00   0.366092E+00   0.101536E+01
   0.359966E+00   0.116412E+02   0.152396E+01   0.485317E+00   0.176203E+02   0.164526E+01   0.908795E+00   0.570841E+01   0.164518E+01    0.30824E-01    0.10138E+00    0.36703E+01   0.359966E+00   0.371762E+00   0.908795E+00
   0.360487E+00   0.121982E+02   0.151249E+01   0.406696E+00   0.154862E+02   0.168417E+01     0.1012E+01   0.505602E+01   0.168414E+01   0.964276E-02   0.163659E+00   0.505404E+01   0.360487E+00    0.35183E+00     0.1012E+01
   0.354846E+00   0.103666E+02   0.147246E+01   0.393691E+00   0.150412E+02   0.167614E+01   0.101479E+01   0.909901E+01   0.164021E+01   0.153571E-01    0.19558E+00  -0.270477E+01   0.354846E+00   0.347526E+00   0.101479E+01
   0.362115E+00   0.109898E+02   0.147568E+01   0.410824E+00   0.167515E+02   0.168875E+01   0.879043E+00   0.417653E+01   0.168614E+01   0.159974E-01   0.945218E-01   0.297145E+01   0.362115E+00    0.35526E+00   0.879043E+00
   0.366208E+00   0.138201E+02    0.15156E+01   0.371071E+00   0.172719E+02   0.171707E+01   0.100347E+01    0.49406E+01   0.169552E+01   0.334377E-01   0.899479E-01   0.523348E+01   0.366208E+00   0.363093E+00   0.100347E+01
   0.372979E+00   0.161121E+02   0.145201E+01    0.39165E+00    0.16557E+02    0.16753E+01   0.983781E+00   0.522864E+01   0.170743E+01   0.746744E-02   0.155099E+00   0.394527E+01   0.372979E+00   0.360423E+00   0.983781E+00
   0.370285E+00   0.109842E+02   0.148117E+01   0.450851E+00   0.175076E+02   0.171561E+01   0.101014E+01   0.219102E+01   0.169614E+01    0.46304E-01   0.775945E-01   0.390298E+00   0.370285E+00   0.364231E+00   0.101014E+01
   0.362285E+00   0.113057E+02   0.152008E+01   0.407552E+00   0.158661E+02   0.167366E+01   0.924872E+00   0.582775E+01   0.170768E+01   0.356324E-02   0.146035E+00   0.460881E+01   0.362285E+00   0.358439E+00   0.924872E+00
    0.36927E+00   0.119265E+02   0.153233E+01     0.4312E+00   0.167923E+02   0.166171E+01   0.953214E+00   0.609415E+01   0.169797E+01   0.203741E-01   0.100445E+00    0.44676E+01    0.36927E+00   0.368606E+00   0.953214E+00
   0.366356E+00   0.137562E+02   0.150423E+01    0.37387E+00   0.170831E+02   0.169526E+01   0.960859E+00   0.496059E+01   0.167056E+01   0.468101E-01   0.980474E-01   0.680603E+01   0.366356E+00   0.362395E+00   0.960859E+00
   0.377033E+00   0.141041E+02   0.154414E+01    0.41131E+00   0.192863E+02   0.165728E+01   0.995081E+00   0.474799E+01   0.169912E+01    0.26673E-01   0.925733E-01   0.451324E+01   0.377033E+00   0.375582E+00   0.995081E+00
   0.362173E+00   0.153233E+02    0.15139E+01   0.367035E+00    0.17326E+02    0.16924E+01   0.971103E+00   0.878742E+01   0.165849E+01   0.190309E-01   0.916783E-01   0.583464E+01   0.362173E+00   0.359105E+00   0.971103E+00
   0.363088E+00   0.133851E+02   0.148664E+01   0.373239E+00   0.174202E+02   0.169288E+01   0.999778E+00   0.464916E+01   0.169186E+01   0.532315E-02   0.126186E+00   0.698943E+01   0.363088E+00   0.358041E+00   0.999778E+00
   0.374158E+00    0.15623E+02   0.153307E+01   0.399512E+00   0.170433E+02   0.168312E+01   0.994332E+00   0.798744E+01   0.166366E+01   0.120829E-01    0.10981E+00   0.483348E+01   0.374158E+00   0.366102E+00   0.994332E+00
   0.357662E+00   0.879522E+01   0.144027E+01   0.464935E+00    0.18481E+02   0.168194E+01    0.10047E+01    0.42576E+01   0.167703E+01   0.109074E-01   0.982216E-01   0.335422E+01   0.357662E+00   0.369861E+00    0.10047E+01
   0.361766E+00   0.139246E+02   0.151286E+01   0.389207E+00   0.149522E+02   0.170106E+01   0.997065E+00   0.336417E+01   0.165232E+01    0.76807E-03   0.170362E+00   0.443732E+01   0.361766E+00   0.350034E+00   0.997065E+00
    0.36878E+00   0.137151E+02   0.153189E+01   0.424003E+00   0.172504E+02   0.174774E+01   0.106783E+01   0.384467E+01   0.167825E+01   0.201682E-01   0.639229E-01   0.181716E+00    0.36878E+00   0.354742E+00   0.106783E+01
   0.385157E+00   0.116396E+02   0.148875E+01   0.412853E+00   0.212091E+02   0.168421E+01    0.97152E+00   0.700906E+01   0.159554E+01   0.724184E-01    0.12014E+00  -0.291106E+01   0.385157E+00   0.383445E+00    0.97152E+00
   0.373795E+00   0.174214E+02   0.151307E+01   0.409383E+00   0.162794E+02   0.163378E+01   0.912512E+00   0.621439E+01   0.168171E+01    0.86743E-02   0.141474E+00    0.25414E+01   0.373795E+00    0.36192E+00   0.912512E+00
   0.363964E+00    0.11926E+02   0.150511E+01   0.365635E+00   0.168376E+02   0.169751E+01   0.105008E+01   0.264713E+01   0.170499E+01   0.837404E-02   0.159193E+00   0.283345E+01   0.363964E+00   0.362821E+00   0.105008E+01
    0.37396E+00   0.132408E+02   0.151191E+01   0.425114E+00   0.178458E+02   0.169084E+01    0.10405E+01   0.582653E+01   0.169996E+01    0.29401E-01   0.593126E-01   0.545767E+01    0.37396E+00   0.366386E+00    0.10405E+01
   0.368363E+00   0.140414E+02   0.151324E+01   0.408852E+00   0.164206E+02   0.168938E+01    0.10004E+01   0.556166E+01   0.167861E+01   0.281913E-01   0.120633E+00   0.664633E+01   0.368363E+00   0.357293E+00    0.10004E+01
   0.365471E+00   0.161073E+02   0.150347E+01   0.365891E+00   0.164318E+02   0.164725E+01   0.101021E+01   0.554385E+01   0.173524E+01   0.149727E-02   0.145152E+00   0.330868E+01   0.365471E+00   0.365073E+00   0.101021E+01
    0.38148E+00   0.179039E+02   0.150614E+01   0.409492E+00   0.188204E+02   0.168888E+01   0.105741E+01   0.481795E+01    0.16123E+01   0.311123E-01   0.655153E-01   0.178079E+01    0.38148E+00   0.369451E+00   0.105741E+01
   0.373169E+00   0.131147E+02   0.150571E+01   0.405267E+00    0.17929E+02   0.166108E+01   0.979347E+00   0.613825E+01   0.164794E+01   0.341328E-02   0.110019E+00   0.604498E+01   0.373169E+00   0.368587E+00   0.979347E+00
   0.375542E+00   0.124129E+02   0.147566E+01   0.461868E+00   0.200677E+02   0.167978E+01   0.101347E+01   0.275657E+01   0.169171E+01   0.279317E-01   0.814722E-01   0.290713E+01   0.375542E+00   0.374527E+00   0.101347E+01
   0.373937E+00   0.134198E+02   0.146119E+01    0.39191E+00    0.19478E+02    0.17032E+01     0.9391E+00   0.520115E+01   0.171681E+01   0.299166E-01   0.705904E-01   0.199921E+01   0.373937E+00   0.366346E+00     0.9391E+00
    0.37252E+00   0.130841E+02   0.149318E+01   0.462552E+00   0.177617E+02   0.165644E+01   0.924186E+00   0.166659E+01   0.169072E+01   0.246706E-01   0.120205E+00   0.241406E+01    0.37252E+00   0.367641E+00   0.924186E+00
   0.377186E+00   0.145818E+02   0.150452E+01   0.402213E+00   0.188282E+02   0.168036E+01   0.101553E+01   0.597835E+01   0.167552E+01   0.177718E-01   0.160833E+00   0.517785E+01   0.377186E+00   0.370593E+00   0.101553E+01
   0.369021E+00   0.132791E+02   0.151951E+01   0.412245E+00   0.170058E+02   0.167104E+01   0.949416E+00   0.592464E+01   0.165666E+01   0.813097E-02   0.146322E+00   0.668049E+01   0.369021E+00   0.362683E+00   0.949416E+00
   0.371549E+00   0.143174E+02   0.147936E+01   0.418897E+00   0.173904E+02   0.167748E+01   0.953249E+00    0.72269E+01   0.164538E+01   0.106737E-01   0.103391E+00   0.383279E+01   0.371549E+00   0.358445E+00   0.953249E+00
    0.39203E+00   0.159794E+02   0.144928E+01   0.396171E+00   0.219601E+02   0.167637E+01   0.103554E+01   0.709275E+01   0.168701E+01    0.59778E-01    0.69019E-01  -0.487143E+00    0.39203E+00   0.388968E+00   0.103554E+01
   0.380493E+00   0.155208E+02   0.149338E+01   0.381312E+00   0.184348E+02    0.16892E+01   0.952703E+00   0.384463E+01    0.16773E+01   0.500948E-01   0.117423E+00   0.165081E+01   0.380493E+00   0.379625E+00   0.952703E+00
   0.366114E+00   0.126722E+02   0.148358E+01   0.406126E+00   0.166734E+02   0.172591E+01   0.874415E+00   0.672865E+01    0.16629E+01   0.149551E-01   0.632743E-01   0.122295E+01   0.366114E+00   0.352497E+00   0.874415E+00
   0.356631E+00   0.120788E+02   0.150449E+01   0.373755E+00   0.157356E+02   0.165155E+01   0.100362E+01   0.426433E+01   0.168342E+01    0.22196E-01   0.129095E+00   0.358318E+01   0.356631E+00   0.352797E+00   0.100362E+01
   0.373278E+00   0.140335E+02   0.154607E+01   0.395952E+00   0.184206E+02   0.170513E+01   0.971514E+00   0.635017E+01   0.163767E+01   0.507457E-01   0.657493E-01    0.42452E+01   0.373278E+00   0.368433E+00   0.971514E+00
   0.370513E+00   0.122834E+02   0.153146E+01    0.42232E+00   0.169938E+02   0.165802E+01   0.924509E+00   0.403751E+01   0.168036E+01   0.156065E-01   0.993715E-01    0.51861E+01   0.370513E+00   0.368925E+00   0.924509E+00
   0.370965E+00   0.145733E+02   0.151871E+01   0.390785E+00   0.172463E+02   0.168031E+01   0.954569E+00   0.557771E+01   0.170265E+01   0.225024E-01   0.880291E-01   0.765346E+01   0.370965E+00   0.364642E+00   0.954569E+00
   0.384266E+00   0.148977E+02   0.144948E+01   0.404843E+00   0.177863E+02    0.16319E+01   0.101337E+01   0.722098E+01   0.164917E+01   0.390285E-01   0.614352E-01   0.228713E+01   0.384266E+00   0.376349E+00   0.101337E+01
   0.366316E+00   0.120381E+02   0.148019E+01   0.426795E+00   0.173369E+02   0.167961E+01   0.928517E+00   0.339036E+01   0.169764E+01   0.242183E-01   0.121656E+00   0.340238E+01   0.366316E+00   0.358883E+00   0.928517E+00
   0.365803E+00   0.126126E+02   0.150569E+01   0.418994E+00   0.152921E+02   0.170008E+01   0.101042E+01   0.375592E+01   0.168118E+01   0.689677E-02   0.123984E+00    0.48878E+01   0.365803E+00   0.352572E+00   0.101042E+01
   0.377341E+00     0.1448E+02   0.151375E+01   0.444445E+00   0.171322E+02   0.162814E+01   0.108928E+01   0.725463E+01   0.165827E+01   0.127617E-01   0.124112E+00   0.164509E+01   0.377341E+00   0.371277E+00   0.108928E+01
   0.374674E+00   0.161398E+02   0.147908E+01   0.385688E+00   0.177782E+02     0.1682E+01    0.10561E+01   0.518237E+01    0.16307E+01   0.416212E-01   0.934975E-01   0.483478E+01   0.374674E+00   0.367774E+00    0.10561E+01
   0.370045E+00   0.120812E+02   0.150576E+01   0.416822E+00   0.182198E+02   0.171119E+01   0.103211E+01   0.609452E+01   0.165168E+01   0.179908E-01   0.712536E-01   0.578689E+01   0.370045E+00   0.363683E+00   0.103211E+01
   0.378092E+00   0.138718E+02   0.151111E+01   0.393922E+00   0.173886E+02   0.166215E+01   0.987709E+00   0.382211E+01   0.169049E+01   0.194528E-01   0.105516E+00   0.460713E+01   0.378092E+00   0.373782E+00   0.987709E+00
   0.367985E+00   0.126717E+02   0.154961E+01   0.462235E+00    0.19088E+02   0.169546E+01   0.109546E+01   0.720862E+01   0.164529E+01   0.244863E-01   0.123224E+00   0.760374E+00   0.367985E+00   0.371541E+00   0.109546E+01
   0.365814E+00   0.113754E+02   0.150521E+01   0.513522E+00   0.179737E+02   0.170215E+01   0.928279E+00   0.506998E+01   0.167997E+01   0.416403E-01   0.706996E-01   0.714756E+00   0.365814E+00   0.372662E+00   0.928279E+00
    0.35334E+00   0.842934E+01   0.151046E+01   0.450333E+00   0.204062E+02   0.170732E+01   0.916942E+00   0.656724E+01   0.158723E+01   0.946641E-02   0.129832E+00   -0.40667E+01    0.35334E+00   0.374706E+00   0.916942E+00
   0.368222E+00   0.132447E+02   0.150595E+01   0.403532E+00    0.15797E+02   0.165068E+01   0.101491E+01   0.898453E+01   0.166465E+01   0.473133E-01   0.941654E-01   0.236792E+01   0.368222E+00   0.360987E+00   0.101491E+01
   0.371948E+00    0.13009E+02   0.148268E+01   0.412595E+00   0.169059E+02   0.169557E+01   0.938949E+00   0.393477E+01   0.165364E+01   0.912287E-02   0.685412E-01   0.436929E+01   0.371948E+00   0.360528E+00   0.938949E+00
   0.372196E+00   0.145981E+02   0.152087E+01   0.388087E+00   0.177755E+02   0.170039E+01   0.103866E+01    0.47037E+01   0.166066E+01   0.256466E-01   0.121582E+00   0.632648E+01   0.372196E+00   0.366171E+00   0.103866E+01
   0.351093E+00   0.111561E+02   0.152053E+01   0.578951E+00   0.203082E+02   0.163962E+01   0.942178E+00   0.443336E+01   0.170101E+01   0.364677E-01   0.555561E-01   -0.17082E+01   0.351093E+00   0.402895E+00   0.942178E+00
   0.356678E+00   0.925171E+01   0.149689E+01   0.400232E+00    0.17301E+02   0.166637E+01   0.940698E+00   0.668878E+01   0.165709E+01   0.960386E-03   0.162423E+00   0.157614E+01   0.356678E+00   0.359088E+00   0.940698E+00
   0.362992E+00   0.126986E+02   0.148801E+01    0.36417E+00   0.172259E+02   0.170291E+01   0.893737E+00   0.407142E+01   0.168186E+01    0.28941E-01   0.104061E+00   0.604463E+01   0.362992E+00   0.361864E+00   0.893737E+00
   0.363804E+00   0.110767E+02   0.147968E+01   0.384312E+00   0.145821E+02   0.166328E+01   0.959946E+00   0.818568E+01   0.166468E+01   0.457853E-02   0.142728E+00   0.138619E+01   0.363804E+00   0.357614E+00   0.959946E+00
   0.356145E+00   0.103383E+02   0.155286E+01   0.453266E+00   0.170757E+02   0.164262E+01   0.978709E+00   0.551668E+01   0.168691E+01   0.267338E-01   0.856773E-01   0.327658E+01   0.356145E+00   0.371986E+00   0.978709E+00
    0.35792E+00   0.100903E+02   0.148757E+01   0.511754E+00   0.217203E+02   0.166821E+01   0.108378E+01   0.489377E+01   0.165817E+01   0.150708E-01   0.149258E+00   0.852654E+00    0.35792E+00    0.39277E+00   0.108378E+01
   0.354396E+00   0.934548E+01   0.147152E+01   0.467082E+00   0.173511E+02     0.1663E+01   0.900764E+00   0.516351E+01   0.166489E+01   0.100053E-01   0.787372E-01   0.442206E+01   0.354396E+00   0.367208E+00   0.900764E+00
   0.369144E+00   0.135749E+02   0.154854E+01    0.44137E+00   0.163864E+02   0.166721E+01   0.997666E+00   0.464994E+01   0.164835E+01   0.230637E-01   0.107324E+00   0.458098E+01   0.369144E+00   0.363585E+00   0.997666E+00
   0.375191E+00   0.101527E+02   0.150276E+01   0.393949E+00   0.193645E+02   0.168401E+01   0.107204E+01   0.801968E+01   0.166677E+01   0.506137E-01   0.103015E+00   0.199752E+01   0.375191E+00   0.374337E+00   0.107204E+01
   0.342279E+00   0.863136E+01   0.152049E+01   0.461689E+00    0.17457E+02   0.168305E+01   0.100682E+01    0.42249E+01   0.167627E+01   0.145747E-02   0.860974E-01   0.596431E+01   0.342279E+00   0.365209E+00   0.100682E+01
   0.346698E+00    0.15752E+02   0.150795E+01    0.34704E+00   0.169078E+02   0.173926E+01   0.103643E+01   0.531956E+01   0.171252E+01   0.147134E-02    0.11409E+00   0.116022E+01   0.346698E+00   0.346091E+00   0.103643E+01
   0.365336E+00   0.164641E+02   0.152581E+01   0.370189E+00   0.164841E+02   0.166992E+01   0.984529E+00   0.505532E+01   0.167818E+01   0.131842E-01   0.136331E+00   0.690507E+01   0.365336E+00   0.362509E+00   0.984529E+00
   0.359011E+00   0.131061E+02   0.152008E+01    0.36455E+00   0.168673E+02   0.170101E+01   0.957362E+00   0.392871E+01   0.168538E+01   0.280598E-01   0.707753E-01   0.627671E+01   0.359011E+00    0.35625E+00   0.957362E+00
   0.380238E+00   0.138883E+02   0.150034E+01   0.421731E+00   0.177232E+02    0.16632E+01   0.105619E+01   0.485719E+01   0.168566E+01   0.858064E-02   0.125021E+00   0.372452E+01   0.380238E+00   0.372794E+00   0.105619E+01
   0.360572E+00   0.121834E+02   0.152587E+01   0.484711E+00   0.165431E+02   0.164648E+01   0.106844E+01     0.5156E+01    0.16662E+01   0.924715E-02   0.176512E+00   0.922789E+00   0.360572E+00   0.364597E+00   0.106844E+01
   0.379696E+00   0.108369E+02   0.153621E+01   0.429739E+00    0.19188E+02   0.165475E+01   0.981611E+00   0.500293E+01   0.168332E+01   0.313931E-01   0.110222E+00   -0.88109E+00   0.379696E+00   0.385829E+00   0.981611E+00
   0.371799E+00   0.130292E+02    0.15023E+01   0.386531E+00   0.175858E+02   0.164852E+01   0.967133E+00    0.42246E+01   0.164336E+01   0.274412E-01   0.896688E-01   0.696788E+01   0.371799E+00   0.368678E+00   0.967133E+00
   0.377778E+00   0.149827E+02   0.152546E+01   0.413638E+00   0.179398E+02    0.16497E+01   0.103206E+01   0.591872E+01   0.169343E+01   0.484964E-01   0.615405E-01   0.479317E+01   0.377778E+00   0.372329E+00   0.103206E+01
   0.359029E+00   0.112431E+02   0.151079E+01   0.539045E+00   0.202551E+02   0.163616E+01   0.961028E+00   0.553797E+01   0.166037E+01   0.198718E-01   0.860549E-01   0.481201E+01   0.359029E+00   0.395785E+00   0.961028E+00
   0.345807E+00   0.122463E+02   0.145954E+01   0.346087E+00   0.165286E+02   0.175156E+01   0.112646E+01     0.4012E+01   0.171121E+01   0.400422E-01    0.56886E-01  -0.688162E+01   0.345807E+00   0.345165E+00   0.112646E+01
   0.361945E+00   0.143558E+02   0.151249E+01   0.400037E+00   0.159234E+02   0.172698E+01   0.102276E+01   0.702982E+01   0.170172E+01   0.804701E-02   0.104269E+00   0.344182E+01   0.361945E+00   0.346205E+00   0.102276E+01
   0.376994E+00   0.135527E+02   0.153232E+01   0.412474E+00   0.190145E+02   0.165435E+01    0.10353E+01   0.397357E+01   0.170174E+01   0.480599E-01   0.100009E+00   0.366606E+01   0.376994E+00   0.375487E+00    0.10353E+01
   0.373956E+00   0.131749E+02   0.148323E+01   0.401142E+00   0.178984E+02   0.171066E+01   0.100938E+01   0.654557E+01   0.164157E+01   0.281872E-01   0.107632E+00   0.598797E+01   0.373956E+00   0.364438E+00   0.100938E+01
   0.374541E+00   0.154798E+02   0.148651E+01    0.41268E+00   0.168326E+02   0.170043E+01   0.862071E+00   0.444075E+01   0.167476E+01    0.12055E-01   0.860237E-01   0.436902E+01   0.374541E+00   0.357923E+00   0.862071E+00
   0.359541E+00   0.135059E+02    0.15267E+01   0.380934E+00   0.161992E+02   0.169587E+01   0.108671E+01   0.475423E+01   0.167988E+01   0.478839E-02   0.123407E+00   0.508239E+01   0.359541E+00   0.352733E+00   0.108671E+01
   0.367864E+00    0.14138E+02   0.151188E+01   0.372868E+00   0.177842E+02   0.171712E+01     0.9983E+00   0.588344E+01   0.166113E+01   0.474894E-01   0.646444E-01   0.550696E+01   0.367864E+00   0.364621E+00     0.9983E+00
   0.360538E+00   0.104432E+02   0.147523E+01   0.388306E+00   0.158627E+02   0.168831E+01   0.104965E+01   0.539338E+01   0.169041E+01   0.879296E-02   0.114269E+00   0.488058E+01   0.360538E+00   0.354229E+00   0.104965E+01
   0.378701E+00   0.164382E+02    0.15229E+01   0.411527E+00   0.188091E+02   0.167424E+01   0.956575E+00   0.439624E+01   0.161867E+01   0.106673E-01    0.11011E+00   0.355816E+01   0.378701E+00    0.37028E+00   0.956575E+00
   0.362443E+00   0.155444E+02    0.14924E+01   0.366604E+00   0.164446E+02   0.168826E+01   0.959668E+00   0.627321E+01   0.165321E+01   0.225955E-01   0.962754E-01   0.772181E+01   0.362443E+00   0.359002E+00   0.959668E+00
   0.374497E+00   0.121726E+02    0.15041E+01   0.466269E+00    0.20393E+02   0.171185E+01   0.918293E+00   0.501536E+01   0.165611E+01   0.383757E-01    0.94875E-01   0.393938E+01   0.374497E+00   0.375553E+00   0.918293E+00
   0.370015E+00   0.108115E+02   0.149819E+01   0.391121E+00   0.184533E+02   0.165559E+01   0.100125E+01   0.414623E+01    0.16589E+01   0.600293E-02   0.140714E+00   0.420033E+01   0.370015E+00   0.369068E+00   0.100125E+01
   0.365559E+00   0.123719E+02   0.153335E+01   0.406563E+00   0.175177E+02   0.168446E+01    0.93686E+00   0.385155E+01   0.162228E+01   0.119968E-01   0.146638E+00   0.358898E+01   0.365559E+00   0.362141E+00    0.93686E+00
   0.379123E+00   0.126905E+02   0.148675E+01   0.422266E+00   0.189823E+02   0.169067E+01   0.940848E+00   0.744175E+01   0.163583E+01   0.236449E-01   0.176487E+00   0.128738E+01   0.379123E+00   0.372592E+00   0.940848E+00
   0.352838E+00   0.102783E+02   0.150466E+01   0.532484E+00   0.215775E+02   0.170823E+01    0.90425E+00   0.745438E+01   0.167162E+01   0.295577E-03   0.904655E-01   0.286584E+01   0.352838E+00   0.389687E+00    0.90425E+00
   0.340575E+00   0.946647E+01    0.15221E+01   0.488765E+00     0.2011E+02   0.166941E+01   0.917537E+00    0.77342E+01    0.16856E+01   0.529654E-02   0.101827E+00   0.284041E+01   0.340575E+00   0.377086E+00   0.917537E+00
   0.355242E+00   0.101428E+02   0.152924E+01   0.445002E+00   0.164584E+02   0.168429E+01    0.10064E+01   0.676495E+01   0.160962E+01   0.885752E-02   0.147413E+00    0.12676E+01   0.355242E+00   0.360932E+00    0.10064E+01
    0.35592E+00   0.115973E+02   0.155498E+01   0.439147E+00   0.172353E+02   0.172414E+01    0.11107E+01   0.564037E+01   0.167343E+01   0.333012E-02   0.106375E+00   0.103583E+00    0.35592E+00   0.354735E+00    0.11107E+01
   0.370078E+00   0.126375E+02   0.148666E+01   0.420108E+00   0.167143E+02   0.166298E+01   0.968328E+00   0.447901E+01   0.166828E+01   0.238608E-01   0.815048E-01   0.691827E+01   0.370078E+00   0.362014E+00   0.968328E+00
   0.384091E+00   0.151082E+02   0.154084E+01   0.436249E+00   0.191751E+02   0.169644E+01   0.983459E+00   0.382412E+01   0.167927E+01   0.251963E-01   0.154445E+00   0.761525E+00   0.384091E+00   0.376828E+00   0.983459E+00
   0.363291E+00    0.13576E+02   0.151946E+01   0.377768E+00    0.16772E+02   0.173617E+01   0.967837E+00   0.687777E+01   0.165288E+01   0.107723E-01   0.922792E-01   0.373308E+01   0.363291E+00   0.356022E+00   0.967837E+00
    0.36603E+00   0.128243E+02   0.154557E+01   0.480144E+00   0.202028E+02   0.167017E+01    0.98681E+00   0.581931E+01    0.16894E+01   0.121359E-01   0.142738E+00   0.318201E+01    0.36603E+00   0.377936E+00    0.98681E+00
   0.377195E+00   0.148645E+02   0.151045E+01   0.421997E+00   0.162923E+02   0.165399E+01   0.943902E+00   0.360771E+01   0.165786E+01   0.133526E-01   0.137426E+00   0.508463E+01   0.377195E+00   0.366501E+00   0.943902E+00
   0.372994E+00   0.134827E+02   0.149587E+01   0.400958E+00   0.184628E+02   0.168948E+01   0.936899E+00    0.41198E+01   0.163292E+01    0.11744E-01   0.107635E+00   0.626262E+01   0.372994E+00   0.365979E+00   0.936899E+00
   0.371168E+00   0.152775E+02   0.148015E+01   0.404969E+00   0.161813E+02   0.162439E+01   0.102293E+01   0.486818E+01   0.163361E+01   0.656925E-02   0.145889E+00   0.167891E+01   0.371168E+00   0.360895E+00   0.102293E+01
   0.376384E+00   0.125321E+02    0.15368E+01   0.418801E+00   0.176947E+02    0.16545E+01   0.939105E+00   0.476635E+01   0.165922E+01   0.483455E-01   0.101638E+00   0.380875E+01   0.376384E+00   0.375686E+00   0.939105E+00
   0.366398E+00   0.133911E+02   0.147624E+01   0.375247E+00   0.169681E+02   0.168361E+01   0.977149E+00   0.634728E+01   0.165898E+01   0.192318E-01   0.847299E-01   0.815758E+01   0.366398E+00   0.361484E+00   0.977149E+00
   0.367123E+00    0.12052E+02   0.152571E+01   0.463966E+00   0.184775E+02   0.170378E+01   0.917393E+00   0.459313E+01   0.167078E+01   0.251718E-01   0.558494E-01   0.439322E+01   0.367123E+00   0.367779E+00   0.917393E+00
   0.366091E+00   0.130589E+02   0.148484E+01   0.377924E+00   0.165869E+02   0.167956E+01   0.103217E+01   0.296542E+01    0.17241E+01   0.439204E-02   0.977916E-01   0.422023E+01   0.366091E+00   0.360759E+00   0.103217E+01
   0.375752E+00   0.132916E+02    0.15023E+01   0.549618E+00   0.205092E+02   0.164677E+01   0.977933E+00   0.726122E+01   0.165131E+01   0.243438E-01   0.823777E-01   0.264308E+01   0.375752E+00   0.393848E+00   0.977933E+00
   0.370543E+00   0.122104E+02   0.149366E+01   0.414979E+00   0.177856E+02   0.169056E+01   0.979671E+00   0.531061E+01     0.1703E+01   0.394022E-01   0.966325E-01   0.616135E+01   0.370543E+00   0.363857E+00   0.979671E+00
   0.368707E+00   0.134602E+02   0.149365E+01   0.374989E+00   0.172717E+02   0.168459E+01   0.100394E+01   0.645461E+01    0.16927E+01   0.357369E-01   0.865577E-01   0.752582E+01   0.368707E+00   0.365364E+00   0.100394E+01
   0.363334E+00   0.104531E+02   0.153099E+01    0.40066E+00   0.182659E+02   0.168171E+01   0.963366E+00   0.516461E+01   0.166315E+01   0.591648E-01   0.670824E-01   0.333038E+01   0.363334E+00   0.364696E+00   0.963366E+00
   0.369143E+00   0.131026E+02    0.14955E+01   0.386567E+00   0.183744E+02    0.17064E+01   0.959907E+00   0.489109E+01   0.169783E+01   0.147499E-01   0.947445E-01   0.730467E+01   0.369143E+00   0.362991E+00   0.959907E+00
   0.376945E+00   0.152097E+02   0.149956E+01   0.384597E+00    0.19554E+02    0.16838E+01   0.107757E+01   0.487711E+01   0.168676E+01   0.350337E-01   0.731657E-01   0.535478E+01   0.376945E+00   0.373364E+00   0.107757E+01
   0.370582E+00   0.167615E+02   0.149371E+01   0.379812E+00   0.185272E+02   0.169171E+01   0.102245E+01   0.698924E+01   0.167653E+01   0.211942E-01   0.130727E+00   0.523375E+01   0.370582E+00   0.364758E+00   0.102245E+01
   0.366456E+00   0.152631E+02   0.150505E+01   0.368455E+00   0.171995E+02   0.167504E+01   0.960354E+00   0.670293E+01   0.165218E+01   0.225666E-01   0.690839E-01   0.756483E+01   0.366456E+00   0.364958E+00   0.960354E+00
   0.365175E+00   0.131952E+02   0.156346E+01   0.387467E+00   0.178876E+02   0.169112E+01   0.103078E+01   0.639424E+01   0.165921E+01   0.834409E-02   0.106957E+00   0.445089E+01   0.365175E+00   0.362652E+00   0.103078E+01
   0.370128E+00   0.143887E+02   0.151248E+01   0.394229E+00   0.177713E+02   0.168054E+01   0.954665E+00     0.4399E+01   0.170829E+01   0.154039E-01    0.82118E-01   0.626845E+01   0.370128E+00   0.363377E+00   0.954665E+00
   0.367949E+00   0.101656E+02   0.151348E+01   0.429777E+00   0.195621E+02   0.163255E+01   0.946189E+00   0.649442E+01   0.164665E+01   0.309432E-01   0.101083E+00   0.106262E+01   0.367949E+00   0.379052E+00   0.946189E+00
   0.371476E+00   0.127347E+02   0.149482E+01   0.446437E+00   0.159843E+02   0.169592E+01   0.983091E+00   0.329799E+01   0.166626E+01   0.273895E-01   0.111637E+00   0.412277E+01   0.371476E+00     0.3573E+00   0.983091E+00
   0.353935E+00   0.104562E+02    0.14732E+01   0.560229E+00   0.181277E+02   0.164989E+01   0.897103E+00   0.751484E+01   0.169126E+01   0.254611E-01   0.962618E-01  -0.277571E+01   0.353935E+00   0.385219E+00   0.897103E+00
    0.36009E+00   0.122597E+02   0.151402E+01   0.412973E+00   0.166987E+02   0.167221E+01   0.100738E+01   0.578642E+01   0.165275E+01   0.150092E-01   0.132042E+00   0.428863E+01    0.36009E+00   0.354918E+00   0.100738E+01
    0.37378E+00   0.119257E+02   0.150842E+01   0.381347E+00   0.189816E+02   0.169257E+01   0.962444E+00   0.854891E+01   0.162054E+01   0.169038E-01   0.159698E+00    0.12976E+01    0.37378E+00   0.371565E+00   0.962444E+00
   0.372425E+00   0.139992E+02   0.150257E+01   0.408862E+00   0.173649E+02   0.167284E+01   0.952564E+00   0.767288E+01   0.169703E+01   0.527901E-01   0.154764E+00   0.162694E+01   0.372425E+00   0.363986E+00   0.952564E+00
   0.368434E+00   0.138389E+02   0.154651E+01   0.489187E+00   0.177235E+02   0.163041E+01   0.101239E+01   0.784987E+01   0.167629E+01   0.231536E-01   0.116865E+00   0.140598E+01   0.368434E+00   0.373511E+00   0.101239E+01
   0.369885E+00   0.153142E+02   0.149837E+01   0.384133E+00   0.168817E+02   0.168381E+01   0.104064E+01   0.532877E+01   0.168522E+01   0.100398E-01   0.967656E-01   0.742845E+01   0.369885E+00   0.362657E+00   0.104064E+01
   0.373444E+00   0.135389E+02   0.154646E+01   0.428607E+00   0.184552E+02   0.168044E+01   0.100956E+01   0.614299E+01   0.169117E+01   0.207725E-01   0.112624E+00   0.527016E+01   0.373444E+00   0.370809E+00   0.100956E+01
   0.374386E+00   0.157136E+02   0.147869E+01   0.388114E+00   0.175335E+02   0.169206E+01   0.855737E+00   0.573922E+01   0.168653E+01   0.158035E-01   0.912654E-01   0.420926E+01   0.374386E+00   0.366017E+00   0.855737E+00
    0.37895E+00   0.146085E+02   0.151982E+01   0.429785E+00   0.177909E+02    0.16422E+01   0.974511E+00   0.639358E+01   0.168999E+01   0.471665E-01   0.715325E-01   0.514521E+01    0.37895E+00   0.373492E+00   0.974511E+00
   0.372544E+00    0.16685E+02   0.152308E+01    0.37431E+00   0.180139E+02   0.164715E+01   0.970215E+00   0.880597E+01   0.164507E+01   0.296031E-01   0.129658E+00   0.271795E+01   0.372544E+00   0.371592E+00   0.970215E+00
   0.359838E+00   0.176742E+02   0.152749E+01   0.361994E+00   0.168398E+02   0.169747E+01   0.102087E+01   0.392566E+01   0.162596E+01    0.37579E-01   0.614607E-01   0.243638E+01   0.359838E+00   0.357892E+00   0.102087E+01
   0.369909E+00   0.136904E+02    0.15173E+01   0.386515E+00   0.181936E+02   0.169172E+01   0.947071E+00   0.180873E+01   0.167118E+01   0.284272E-01   0.136668E+00    0.43004E+01   0.369909E+00   0.365098E+00   0.947071E+00
   0.374118E+00    0.13284E+02   0.149599E+01   0.386364E+00   0.184118E+02   0.167599E+01   0.933188E+00   0.450641E+01    0.17089E+01    0.11296E-01   0.123253E+00   0.605088E+01   0.374118E+00   0.370192E+00   0.933188E+00
   0.376909E+00   0.154125E+02   0.151512E+01   0.428191E+00   0.170388E+02   0.165744E+01   0.103217E+01   0.444478E+01   0.168295E+01   0.546236E-02   0.984195E-01   0.554616E+01   0.376909E+00   0.365896E+00   0.103217E+01
   0.366068E+00   0.117639E+02   0.150346E+01   0.463395E+00   0.194717E+02   0.172569E+01   0.101607E+01   0.565382E+01   0.165974E+01   0.339308E-01   0.582326E-01   0.321271E+01   0.366068E+00   0.365287E+00   0.101607E+01
   0.348819E+00   0.101678E+02   0.152099E+01   0.511784E+00   0.196837E+02   0.168364E+01   0.102442E+01   0.552066E+01   0.165709E+01   0.953077E-02   0.786376E-01   0.615661E+01   0.348819E+00   0.380619E+00   0.102442E+01
   0.349224E+00   0.905568E+01    0.15016E+01   0.473922E+00   0.190794E+02   0.169912E+01   0.899822E+00   0.370199E+01   0.162254E+01   0.186926E-01   0.113422E+00   0.232113E+01   0.349224E+00   0.371477E+00   0.899822E+00
   0.360725E+00   0.133012E+02   0.149949E+01   0.363179E+00   0.171425E+02   0.168126E+01   0.979477E+00   0.679393E+01   0.166734E+01    0.20716E-01   0.136187E+00   0.676079E+01   0.360725E+00   0.359138E+00   0.979477E+00
   0.370708E+00   0.151916E+02   0.149966E+01   0.373057E+00   0.155895E+02   0.162494E+01   0.101257E+01   0.542022E+01    0.16689E+01   0.209255E-01    0.15676E+00    0.30824E+01   0.370708E+00    0.36937E+00   0.101257E+01
    0.35971E+00   0.134101E+02   0.154097E+01   0.411219E+00   0.143589E+02   0.168905E+01   0.996134E+00    0.62596E+01   0.166965E+01    0.71853E-02   0.182424E+00   0.241953E+01    0.35971E+00   0.347064E+00   0.996134E+00
    0.37273E+00   0.125374E+02   0.147698E+01   0.492547E+00   0.176328E+02   0.166477E+01   0.100453E+01   0.385627E+01   0.170764E+01    0.16689E-01   0.117375E+00    0.37348E+01    0.37273E+00   0.368526E+00   0.100453E+01
   0.363373E+00   0.160579E+02   0.152643E+01   0.367843E+00   0.170423E+02   0.166556E+01   0.897455E+00   0.413712E+01   0.170154E+01   0.818692E-02   0.113318E+00   0.473877E+01   0.363373E+00   0.361066E+00   0.897455E+00
   0.382142E+00   0.164635E+02   0.146523E+01   0.438309E+00   0.181516E+02   0.169197E+01   0.892624E+00   0.695555E+01   0.165708E+01   0.595515E-02   0.215924E+00  -0.314703E+01   0.382142E+00   0.360325E+00   0.892624E+00
   0.366109E+00    0.16521E+02   0.150968E+01   0.371062E+00   0.176536E+02   0.166839E+01   0.925618E+00    0.43981E+01   0.166507E+01   0.540047E-01   0.794749E-01   0.444636E+01   0.366109E+00   0.363176E+00   0.925618E+00
   0.372119E+00    0.16533E+02   0.149269E+01   0.397682E+00   0.161767E+02   0.166858E+01   0.932015E+00    0.25342E+01   0.168384E+01    0.43841E-01    0.90565E-01   0.354527E+01   0.372119E+00   0.359563E+00   0.932015E+00
   0.372355E+00   0.162804E+02   0.151858E+01   0.387316E+00    0.16178E+02    0.16476E+01   0.919457E+00   0.431555E+01   0.165187E+01    0.18642E-01   0.110065E+00   0.513868E+01   0.372355E+00   0.366445E+00   0.919457E+00
     0.3629E+00   0.148655E+02   0.147722E+01   0.369971E+00   0.161921E+02   0.167229E+01   0.102639E+01   0.616978E+01   0.162517E+01   0.374902E-01   0.871351E-01   0.455371E+01     0.3629E+00   0.357999E+00   0.102639E+01
   0.362169E+00   0.114902E+02   0.150552E+01   0.517016E+00   0.198738E+02   0.163535E+01   0.837607E+00   0.436247E+01    0.16331E+01   0.172332E-01   0.729192E-01   0.341943E+00   0.362169E+00   0.388573E+00   0.837607E+00
   0.369473E+00   0.135932E+02   0.153766E+01   0.547294E+00   0.196914E+02   0.162619E+01   0.842101E+00   0.496607E+01   0.168341E+01   0.104879E-01   0.119251E+00  -0.231073E+01   0.369473E+00   0.391756E+00   0.842101E+00
    0.36864E+00   0.142846E+02    0.15329E+01   0.369967E+00   0.171334E+02   0.167591E+01   0.100254E+01   0.470575E+01   0.167889E+01   0.186521E-01   0.175623E+00   0.444583E+01    0.36864E+00   0.367872E+00   0.100254E+01
   0.356391E+00   0.160015E+02   0.149252E+01   0.376792E+00    0.13529E+02    0.17079E+01   0.105653E+01   0.503605E+01   0.163585E+01   0.106902E-02   0.172338E+00   0.132183E-01   0.356391E+00   0.340022E+00   0.105653E+01
   0.362086E+00   0.162576E+02   0.150861E+01    0.39385E+00   0.153997E+02   0.168778E+01   0.983143E+00   0.473012E+01   0.167903E+01   0.396455E-01   0.103283E+00   0.309836E+01   0.362086E+00   0.346545E+00   0.983143E+00
   0.354497E+00   0.101528E+02   0.150626E+01   0.495162E+00   0.212887E+02   0.165128E+01   0.918949E+00   0.506272E+01   0.164502E+01    0.12494E-01   0.865623E-01   0.406422E+01   0.354497E+00   0.388438E+00   0.918949E+00
    0.35787E+00   0.951882E+01    0.15105E+01   0.398883E+00   0.152599E+02   0.166821E+01   0.978869E+00   0.637274E+01   0.163496E+01   0.643041E-02   0.117852E+00   0.336372E+01    0.35787E+00   0.357082E+00   0.978869E+00
   0.372607E+00   0.110396E+02   0.145971E+01     0.3961E+00   0.184879E+02   0.166196E+01   0.971277E+00   0.275801E+01   0.164627E+01    0.40575E-01   0.829999E-01   0.268635E+01   0.372607E+00   0.368908E+00   0.971277E+00
   0.371605E+00   0.130825E+02   0.146526E+01    0.41052E+00    0.18209E+02   0.170461E+01   0.939833E+00    0.75507E+01   0.169549E+01   0.238441E-01   0.135877E+00   0.261661E+01   0.371605E+00   0.359955E+00   0.939833E+00
   0.346443E+00   0.946181E+01   0.152316E+01    0.48846E+00   0.185925E+02   0.164883E+01    0.94303E+00   0.474223E+01   0.168022E+01   0.943537E-02   0.700829E-01   0.541676E+01   0.346443E+00   0.379059E+00    0.94303E+00
   0.375212E+00    0.12854E+02   0.153142E+01   0.403888E+00   0.185132E+02   0.168796E+01   0.932632E+00   0.160716E+01   0.169566E+01   0.430694E-01   0.119335E+00   0.229529E+01   0.375212E+00   0.371774E+00   0.932632E+00
   0.371347E+00    0.13837E+02   0.151978E+01   0.389251E+00   0.193628E+02   0.170753E+01   0.956548E+00    0.33198E+01   0.165201E+01   0.536796E-01    0.42018E-01   0.202743E+01   0.371347E+00   0.366364E+00   0.956548E+00
   0.364925E+00   0.116245E+02   0.150657E+01   0.496434E+00   0.186988E+02   0.167013E+01   0.987027E+00   0.441283E+01   0.169002E+01   0.237693E-01   0.851431E-01   0.654067E+01   0.364925E+00   0.375756E+00   0.987027E+00
   0.360414E+00   0.105562E+02   0.150341E+01   0.491174E+00    0.17928E+02   0.165926E+01    0.95679E+00   0.579565E+01   0.169331E+01   0.939842E-02   0.114696E+00    0.54417E+01   0.360414E+00   0.376138E+00    0.95679E+00
   0.385284E+00   0.158804E+02   0.149679E+01   0.409247E+00   0.181285E+02   0.165521E+01   0.927142E+00   0.340679E+01   0.164356E+01   0.451275E-01   0.845606E-01   0.391749E+01   0.385284E+00   0.377632E+00   0.927142E+00
   0.367645E+00   0.105194E+02   0.147358E+01   0.410578E+00    0.16864E+02   0.170037E+01   0.976562E+00   0.723728E+01   0.166318E+01   0.285515E-01   0.532491E-01   0.235348E+01   0.367645E+00   0.361079E+00   0.976562E+00
   0.358106E+00   0.135456E+02   0.151357E+01   0.395063E+00   0.150805E+02   0.170699E+01   0.101274E+01   0.751083E+01   0.170542E+01   0.273151E-02   0.181717E+00   0.211371E+01   0.358106E+00   0.344633E+00   0.101274E+01
   0.361277E+00   0.123778E+02   0.147423E+01   0.388344E+00   0.167001E+02   0.171213E+01   0.992895E+00   0.537529E+01   0.169181E+01   0.241726E-01   0.107755E+00   0.465725E+01   0.361277E+00   0.350823E+00   0.992895E+00
   0.355273E+00   0.130933E+02   0.151114E+01   0.381702E+00   0.148586E+02   0.165328E+01   0.983187E+00    0.52799E+01   0.173001E+01   0.162743E-01   0.115912E+00   0.120519E+01   0.355273E+00   0.348243E+00   0.983187E+00
   0.373381E+00   0.113787E+02   0.150661E+01   0.408666E+00    0.17885E+02   0.162491E+01   0.978382E+00   0.513737E+01   0.166296E+01   0.165115E-01   0.119737E+00   0.445214E+01   0.373381E+00   0.374589E+00   0.978382E+00
     0.3602E+00   0.104716E+02   0.152021E+01   0.377063E+00   0.165963E+02   0.169053E+01   0.966403E+00    0.46706E+01   0.166835E+01   0.234695E-02   0.761122E-01   0.367675E+01     0.3602E+00   0.357687E+00   0.966403E+00
   0.351871E+00   0.991968E+01   0.148178E+01   0.495365E+00    0.18604E+02   0.162968E+01   0.861992E+00   0.473637E+01   0.164577E+01   0.218758E-01   0.998315E-01    0.73727E+00   0.351871E+00   0.379014E+00   0.861992E+00
   0.373113E+00    0.12827E+02   0.147267E+01   0.422747E+00   0.155565E+02   0.165217E+01    0.96079E+00   0.928849E+01   0.163902E+01   0.109955E-01   0.125023E+00   0.195827E+01   0.373113E+00   0.361546E+00    0.96079E+00
   0.374019E+00   0.101786E+02   0.150823E+01   0.403238E+00   0.180976E+02   0.166476E+01   0.906857E+00    0.52754E+01   0.168814E+01   0.343369E-01   0.522349E-01   0.287697E+01   0.374019E+00    0.37441E+00   0.906857E+00
    0.37411E+00   0.161036E+02   0.147053E+01   0.389002E+00    0.16117E+02   0.164896E+01   0.943697E+00   0.802688E+01   0.171065E+01   0.684387E-02   0.104952E+00   0.248471E+01    0.37411E+00   0.365536E+00   0.943697E+00
   0.382162E+00   0.139358E+02   0.147206E+01   0.421183E+00    0.20174E+02   0.172375E+01   0.101557E+01   0.685896E+01   0.168216E+01   0.393112E-01   0.899253E-01   0.391206E+01   0.382162E+00   0.370626E+00   0.101557E+01
   0.371399E+00   0.148525E+02   0.153139E+01   0.391258E+00   0.184548E+02   0.171161E+01   0.964362E+00   0.527954E+01   0.167927E+01    0.57014E-01   0.760342E-01   0.534331E+01   0.371399E+00    0.36483E+00   0.964362E+00
   0.372753E+00   0.116929E+02    0.15345E+01   0.400793E+00   0.182729E+02   0.169115E+01   0.958718E+00   0.733155E+01   0.167332E+01   0.265017E-01    0.68955E-01   0.486172E+01   0.372753E+00   0.370808E+00   0.958718E+00
   0.360879E+00   0.108966E+02   0.150386E+01   0.532075E+00   0.221958E+02   0.164842E+01   0.954317E+00   0.104305E+02   0.166708E+01   0.377888E-01   0.614102E-01  -0.132389E+01   0.360879E+00   0.402274E+00   0.954317E+00
   0.350974E+00   0.881699E+01   0.147097E+01   0.466029E+00   0.180522E+02   0.171356E+01   0.921745E+00   0.322122E+01   0.161027E+01    0.85141E-02   0.814714E-01   0.793226E+00   0.350974E+00   0.363172E+00   0.921745E+00
    0.35422E+00   0.907201E+01   0.149258E+01   0.446922E+00   0.187659E+02   0.167811E+01   0.103563E+01    0.48408E+01   0.163715E+01   0.283021E-01   0.115365E+00   0.266633E+01    0.35422E+00   0.368727E+00   0.103563E+01
   0.350671E+00   0.938361E+01   0.150989E+01   0.467276E+00    0.18498E+02   0.166647E+01   0.934015E+00   0.529916E+01   0.168543E+01    0.50604E-01    0.12061E+00   0.200893E+01   0.350671E+00   0.372317E+00   0.934015E+00
   0.344678E+00   0.900405E+01   0.151923E+01   0.484151E+00   0.183724E+02   0.167132E+01   0.996776E+00   0.639048E+01   0.165202E+01   0.175903E-01   0.945721E-01   0.567748E+01   0.344678E+00   0.375252E+00   0.996776E+00
    0.36299E+00   0.138444E+02   0.151706E+01   0.367163E+00   0.160173E+02   0.168684E+01   0.100921E+01   0.360278E+01    0.16478E+01   0.321769E-01   0.881681E-01   0.481934E+01    0.36299E+00    0.36052E+00   0.100921E+01
   0.333982E+00   0.831573E+01   0.149635E+01   0.488818E+00   0.185915E+02   0.169073E+01   0.914315E+00   0.694329E+01   0.168684E+01   0.126972E-01   0.821001E-01   0.354415E+01   0.333982E+00   0.369598E+00   0.914315E+00
   0.359142E+00   0.102432E+02   0.152122E+01    0.46252E+00   0.196773E+02   0.166216E+01    0.10283E+01   0.648162E+01      0.164E+01   0.320111E-01   0.739589E-01   0.406233E+01   0.359142E+00    0.37791E+00    0.10283E+01
   0.376467E+00   0.154723E+02   0.150641E+01   0.379659E+00   0.179603E+02   0.165808E+01   0.934998E+00   0.439958E+01   0.167905E+01   0.364463E-01   0.104635E+00   0.653581E+01   0.376467E+00   0.374723E+00   0.934998E+00
    0.35927E+00   0.149135E+02   0.150848E+01   0.370761E+00   0.164155E+02   0.170893E+01   0.100928E+01   0.595468E+01   0.172244E+01   0.182104E-01   0.143248E+00   0.380652E+01    0.35927E+00   0.352418E+00   0.100928E+01
   0.363375E+00   0.137146E+02   0.149217E+01   0.368738E+00   0.187236E+02   0.172903E+01   0.943344E+00   0.652127E+01    0.16665E+01   0.169898E-01   0.100819E+00    0.58518E+01   0.363375E+00   0.359571E+00   0.943344E+00
   0.376181E+00   0.167185E+02    0.14723E+01   0.401408E+00   0.172778E+02   0.169468E+01   0.980591E+00   0.336158E+01   0.161685E+01   0.168036E-01   0.916113E-01   0.422188E+01   0.376181E+00   0.361309E+00   0.980591E+00
   0.370029E+00   0.146379E+02   0.147844E+01    0.40518E+00   0.163652E+02   0.171367E+01   0.103758E+01   0.774465E+01   0.169582E+01   0.208843E-01   0.100292E+00    0.40801E+01   0.370029E+00   0.353029E+00   0.103758E+01
   0.371352E+00   0.117309E+02   0.152889E+01   0.383662E+00   0.174003E+02   0.162515E+01   0.979244E+00   0.652132E+01    0.16708E+01   0.483182E-01   0.115522E+00   0.274275E+01   0.371352E+00    0.37113E+00   0.979244E+00
    0.36361E+00   0.110622E+02   0.150435E+01   0.400678E+00   0.174842E+02   0.169164E+01   0.991227E+00   0.448728E+01   0.167817E+01   0.557211E-02   0.111327E+00   0.680621E+01    0.36361E+00   0.359949E+00   0.991227E+00
   0.375969E+00   0.130958E+02   0.149696E+01   0.386342E+00   0.176924E+02   0.167013E+01   0.107161E+01   0.739483E+01   0.164972E+01   0.312447E-01   0.907349E-01   0.469166E+01   0.375969E+00    0.37243E+00   0.107161E+01
   0.380108E+00   0.176199E+02   0.147072E+01   0.384127E+00   0.205306E+02   0.167835E+01   0.956826E+00   0.393226E+01   0.164839E+01    0.37826E-01   0.858478E-01   0.288729E+01   0.380108E+00   0.376867E+00   0.956826E+00
   0.360915E+00   0.106552E+02   0.151423E+01   0.367983E+00   0.170897E+02   0.170617E+01   0.100766E+01   0.567388E+01   0.164282E+01   0.418717E-01   0.906442E-01   0.484973E+01   0.360915E+00   0.358629E+00   0.100766E+01
   0.363599E+00   0.111057E+02   0.151924E+01   0.371784E+00   0.172019E+02   0.170744E+01   0.101216E+01   0.522213E+01   0.169358E+01   0.952663E-02   0.867448E-01   0.565709E+01   0.363599E+00   0.361026E+00   0.101216E+01
    0.37441E+00   0.147385E+02   0.151257E+01   0.407297E+00   0.183534E+02   0.168028E+01   0.940099E+00   0.572713E+01   0.163229E+01   0.308356E-01   0.104001E+00   0.600256E+01    0.37441E+00   0.366713E+00   0.940099E+00
   0.381168E+00   0.144232E+02   0.149217E+01   0.442918E+00   0.169733E+02   0.164269E+01   0.984796E+00   0.249668E+01   0.162555E+01   0.324734E-01   0.101517E+00   0.273866E+01   0.381168E+00    0.37074E+00   0.984796E+00
   0.370131E+00   0.127935E+02   0.151485E+01   0.398727E+00   0.176074E+02   0.169256E+01   0.964361E+00   0.574818E+01   0.172051E+01   0.291626E-01   0.887539E-01    0.62152E+01   0.370131E+00   0.364337E+00   0.964361E+00
   0.362054E+00    0.77193E+01   0.156341E+01   0.391404E+00   0.177826E+02   0.170018E+01    0.97886E+00    0.77286E+01   0.170343E+01     0.5531E-01   0.980493E-01  -0.380661E+01   0.362054E+00   0.367541E+00    0.97886E+00
   0.376187E+00   0.129787E+02    0.15074E+01   0.389826E+00    0.17564E+02   0.163216E+01   0.105655E+01   0.501979E+01   0.168647E+01   0.437187E-01   0.856054E-01   0.490352E+01   0.376187E+00   0.374092E+00   0.105655E+01
   0.372812E+00   0.130736E+02   0.151346E+01   0.412425E+00   0.197384E+02   0.167381E+01   0.955983E+00   0.366825E+01   0.167812E+01   0.122026E-01   0.165514E+00   0.241578E+01   0.372812E+00   0.370229E+00   0.955983E+00
   0.367241E+00   0.102812E+02    0.15468E+01    0.41623E+00   0.192607E+02    0.16898E+01    0.95712E+00   0.401785E+01    0.17138E+01   0.572951E-01   0.115732E+00   0.141861E+00   0.367241E+00   0.372617E+00    0.95712E+00
   0.376675E+00      0.114E+02   0.144287E+01   0.462436E+00   0.185274E+02    0.16425E+01   0.955668E+00   0.552119E+01     0.1627E+01   0.358317E-01   0.114748E+00   0.335909E+00   0.376675E+00   0.376429E+00   0.955668E+00
   0.376129E+00   0.125751E+02   0.149056E+01   0.460756E+00   0.180134E+02   0.166673E+01   0.899956E+00   0.682917E+01   0.168301E+01    0.29433E-01   0.740728E-01   0.472354E+01   0.376129E+00   0.372198E+00   0.899956E+00
   0.376693E+00   0.143402E+02   0.153195E+01   0.413959E+00   0.195709E+02   0.170815E+01   0.101454E+01   0.655281E+01   0.166447E+01   0.250729E-01   0.127566E+00   0.466107E+01   0.376693E+00   0.370345E+00   0.101454E+01
   0.372193E+00   0.154843E+02   0.150478E+01     0.4294E+00   0.155411E+02    0.16644E+01   0.972752E+00   0.811484E+01   0.167863E+01   0.105463E-02   0.127041E+00   0.480555E+01   0.372193E+00   0.354297E+00   0.972752E+00
   0.378111E+00   0.172477E+02   0.151221E+01   0.421965E+00   0.184255E+02   0.170493E+01   0.928787E+00   0.874604E+01   0.166704E+01   0.352458E-01   0.107176E+00   0.173412E+01   0.378111E+00   0.361891E+00   0.928787E+00
   0.363866E+00   0.139305E+02   0.147996E+01   0.370944E+00   0.170933E+02   0.164529E+01   0.912895E+00   0.817847E+01    0.16444E+01    0.18096E-01   0.131595E+00   0.126683E+01   0.363866E+00   0.360664E+00   0.912895E+00
    0.37156E+00   0.941511E+01   0.148575E+01   0.375256E+00    0.19325E+02   0.170615E+01   0.947383E+00   0.356212E+01   0.162432E+01   0.562018E-01   0.583594E-01   0.161692E+01    0.37156E+00   0.370256E+00   0.947383E+00
   0.355965E+00   0.969117E+01   0.149161E+01   0.448575E+00   0.155441E+02   0.167432E+01   0.923252E+00   0.453862E+01   0.171415E+01    0.91255E-02   0.138673E+00   0.200182E+01   0.355965E+00   0.358028E+00   0.923252E+00
   0.370257E+00   0.151605E+02    0.14657E+01   0.404513E+00   0.158883E+02   0.168979E+01   0.760497E+00   0.282064E+01   0.167646E+01   0.297538E-01   0.906831E-01  -0.508944E+01   0.370257E+00   0.352392E+00   0.760497E+00
   0.366276E+00   0.114051E+02   0.147799E+01   0.465293E+00   0.194296E+02   0.170427E+01   0.101436E+01   0.683638E+01   0.167775E+01   0.638887E-01   0.831821E-01   0.133538E+01   0.366276E+00   0.366825E+00   0.101436E+01
   0.351912E+00   0.117041E+02   0.153534E+01   0.539439E+00    0.21754E+02   0.170179E+01   0.942084E+00   0.198735E+01   0.168338E+01   0.148477E-02   0.102514E+00   0.472488E+00   0.351912E+00   0.385987E+00   0.942084E+00
   0.347415E+00   0.101386E+02   0.150876E+01    0.48068E+00   0.195256E+02   0.170286E+01   0.955045E+00   0.368719E+01   0.165348E+01   0.455607E-01   0.110037E+00   0.503395E+00   0.347415E+00   0.366565E+00   0.955045E+00
   0.365015E+00   0.147478E+02   0.150899E+01   0.381758E+00   0.154823E+02   0.164397E+01   0.926435E+00   0.716887E+01   0.168026E+01   0.328165E-01   0.112491E+00   0.438647E+01   0.365015E+00   0.359016E+00   0.926435E+00
   0.376274E+00    0.13224E+02   0.145403E+01   0.449561E+00   0.164349E+02   0.169208E+01   0.985357E+00   0.576162E+01   0.169664E+01   0.681165E-02   0.139608E+00   0.347421E+01   0.376274E+00    0.35647E+00   0.985357E+00
   0.365504E+00   0.126981E+02   0.150155E+01   0.509563E+00     0.1767E+02   0.172485E+01   0.949584E+00   0.213489E+01   0.165991E+01    0.77515E-02    0.14632E+00  -0.232075E+00   0.365504E+00   0.356707E+00   0.949584E+00
   0.361204E+00   0.130134E+02   0.151814E+01   0.403808E+00    0.16307E+02   0.172968E+01   0.940955E+00   0.525508E+01   0.168035E+01   0.302987E-02   0.967327E-01   0.463128E+01   0.361204E+00   0.348802E+00   0.940955E+00
   0.378068E+00   0.131421E+02   0.147374E+01   0.439547E+00   0.191717E+02   0.166493E+01   0.101792E+01   0.435771E+01   0.168669E+01   0.318878E-01   0.100325E+00   0.449011E+01   0.378068E+00   0.372044E+00   0.101792E+01
   0.365512E+00   0.155107E+02    0.15221E+01   0.366467E+00   0.169803E+02   0.167318E+01   0.102523E+01   0.599186E+01   0.169317E+01   0.322917E-01   0.924704E-01    0.70883E+01   0.365512E+00   0.364772E+00   0.102523E+01
   0.369542E+00   0.157903E+02   0.153994E+01   0.404434E+00   0.167156E+02   0.167793E+01   0.969471E+00   0.821851E+01   0.162868E+01   0.987701E-02   0.130514E+00   0.368857E+01   0.369542E+00   0.359987E+00   0.969471E+00
   0.365694E+00   0.964488E+01     0.1482E+01   0.465462E+00   0.203672E+02   0.170946E+01   0.996594E+00   0.402145E+01   0.166619E+01   0.259928E-01    0.12767E+00   0.224894E+01   0.365694E+00   0.377908E+00   0.996594E+00
   0.362945E+00   0.134466E+02   0.156236E+01   0.479867E+00   0.189578E+02   0.167674E+01   0.984668E+00   0.342918E+01   0.165471E+01   0.285689E-01   0.135406E+00   0.728192E+00   0.362945E+00   0.369584E+00   0.984668E+00
   0.357729E+00   0.107223E+02   0.148634E+01   0.541178E+00   0.200068E+02   0.162628E+01   0.101043E+01   0.728612E+01   0.166093E+01   0.555583E-01   0.846072E-01  -0.575736E+00   0.357729E+00   0.396527E+00   0.101043E+01
   0.353341E+00   0.132777E+02   0.151976E+01   0.355473E+00   0.156201E+02    0.17099E+01   0.934169E+00   0.365483E+01   0.167276E+01   0.125756E-01   0.118302E+00   0.567462E+01   0.353341E+00    0.35163E+00   0.934169E+00
   0.374266E+00   0.132679E+02    0.14977E+01   0.466184E+00   0.186506E+02   0.166793E+01   0.101825E+01   0.628365E+01   0.169446E+01   0.765196E-02   0.815075E-01   0.330989E+01   0.374266E+00   0.370568E+00   0.101825E+01
   0.369619E+00   0.136445E+02   0.148592E+01   0.424322E+00   0.164771E+02   0.171001E+01   0.955054E+00   0.453393E+01    0.16679E+01   0.126113E-01   0.102538E+00   0.632774E+01   0.369619E+00   0.352629E+00   0.955054E+00
   0.371762E+00   0.130709E+02   0.148125E+01   0.408829E+00   0.171351E+02    0.17093E+01   0.962723E+00   0.783087E+01   0.170563E+01   0.114607E-03   0.123982E+00   0.433782E+01   0.371762E+00   0.359725E+00   0.962723E+00
   0.371083E+00   0.134983E+02   0.152307E+01   0.404294E+00   0.180955E+02   0.165784E+01   0.103584E+01   0.649191E+01    0.16695E+01   0.352506E-01   0.784487E-01   0.521495E+01   0.371083E+00   0.367591E+00   0.103584E+01
   0.350646E+00   0.106354E+02   0.151741E+01   0.504508E+00   0.170628E+02   0.167582E+01   0.962034E+00   0.450144E+01   0.165841E+01   0.922807E-03   0.840433E-01   0.457814E+01   0.350646E+00   0.366004E+00   0.962034E+00
   0.374295E+00   0.130249E+02   0.147985E+01    0.43167E+00   0.166675E+02   0.167139E+01   0.106057E+01   0.411821E+01   0.166272E+01   0.169157E-01    0.10287E+00   0.584996E+01   0.374295E+00   0.362979E+00   0.106057E+01
   0.364035E+00   0.110685E+02   0.154601E+01   0.426489E+00   0.169574E+02   0.165786E+01   0.111254E+01   0.162543E+01   0.167298E+01   0.568855E-01   0.950897E-01  -0.290062E+01   0.364035E+00    0.36827E+00   0.111254E+01
    0.38504E+00   0.160936E+02   0.152083E+01   0.447449E+00   0.199648E+02   0.170898E+01   0.106982E+01   0.545458E+01   0.166232E+01   0.536429E-01   0.841543E-01   0.214963E+01    0.38504E+00   0.372785E+00   0.106982E+01
   0.344168E+00   0.778215E+01   0.153067E+01   0.409449E+00   0.161045E+02   0.167123E+01   0.103394E+01   0.521248E+01    0.15943E+01   0.149391E-01   0.131484E+00  -0.293212E+01   0.344168E+00   0.356302E+00   0.103394E+01
   0.350453E+00   0.143686E+02   0.148991E+01   0.352863E+00   0.154437E+02   0.170716E+01   0.983665E+00   0.769996E+01   0.162444E+01   0.165216E-01   0.962652E-01   0.348452E+01   0.350453E+00   0.347888E+00   0.983665E+00
   0.364847E+00   0.112095E+02   0.146284E+01   0.396151E+00   0.179785E+02   0.172613E+01   0.978176E+00   0.582884E+01   0.170903E+01   0.159321E-01   0.138315E+00   0.181915E+01   0.364847E+00   0.355767E+00   0.978176E+00
   0.381823E+00   0.117572E+02   0.150008E+01   0.432051E+00   0.205191E+02   0.169693E+01   0.952047E+00     0.7561E+01   0.168722E+01   0.684326E-01   0.105889E+00   0.154703E+01   0.381823E+00   0.380869E+00   0.952047E+00
   0.379648E+00   0.154962E+02   0.148926E+01    0.41111E+00   0.184168E+02   0.164663E+01    0.95318E+00   0.653307E+01   0.165665E+01   0.204468E-01   0.758687E-01    0.43728E+01   0.379648E+00   0.371681E+00    0.95318E+00
   0.362304E+00   0.111596E+02   0.153136E+01   0.393292E+00   0.168256E+02   0.169984E+01   0.962941E+00   0.563035E+01   0.164594E+01   0.537896E-01   0.100275E+00   0.338357E+01   0.362304E+00   0.358949E+00   0.962941E+00
   0.385396E+00   0.125273E+02   0.146722E+01   0.437473E+00   0.184968E+02   0.167164E+01   0.972926E+00    0.85907E+01    0.16919E+01   0.372161E-01   0.145475E+00  -0.137088E+00   0.385396E+00   0.378271E+00   0.972926E+00
   0.371664E+00   0.149435E+02   0.146862E+01   0.403284E+00   0.169155E+02   0.172359E+01   0.980015E+00   0.279866E+01   0.163187E+01   0.461585E-01   0.109951E+00   0.112866E+01   0.371664E+00   0.354235E+00   0.980015E+00
   0.384512E+00   0.165609E+02   0.149485E+01   0.385531E+00   0.198228E+02   0.164302E+01   0.105538E+01   0.593433E+01   0.164492E+01   0.532569E-01   0.118339E+00   0.188737E+01   0.384512E+00   0.383831E+00   0.105538E+01
   0.372834E+00   0.135899E+02   0.149803E+01   0.391306E+00   0.187604E+02   0.173511E+01   0.944776E+00    0.64252E+01   0.165663E+01   0.136773E-01   0.843608E-01   0.473668E+01   0.372834E+00   0.364841E+00   0.944776E+00
    0.37128E+00   0.128946E+02    0.15155E+01   0.402768E+00   0.168493E+02   0.167215E+01   0.102688E+01    0.40593E+01   0.165061E+01   0.340761E-01   0.114858E+00   0.590941E+01    0.37128E+00   0.365668E+00   0.102688E+01
   0.354446E+00   0.105834E+02   0.152884E+01   0.468287E+00   0.180039E+02   0.166372E+01   0.108076E+01   0.266983E+01    0.16171E+01   0.151318E-01   0.943473E-01   0.177334E+01   0.354446E+00   0.369633E+00   0.108076E+01
   0.368994E+00   0.120508E+02   0.152338E+01   0.379144E+00   0.179376E+02   0.167946E+01   0.103749E+01   0.486668E+01   0.168062E+01   0.125134E-01   0.663679E-01   0.499306E+01   0.368994E+00   0.366873E+00   0.103749E+01
   0.354716E+00    0.10778E+02   0.150705E+01   0.394143E+00   0.142563E+02   0.165969E+01   0.964767E+00   0.624264E+01   0.166834E+01   0.732429E-01   0.109244E+00  -0.141978E+01   0.354716E+00   0.349294E+00   0.964767E+00
   0.360292E+00   0.113756E+02   0.150224E+01   0.505819E+00   0.182938E+02   0.166364E+01   0.105572E+01   0.763419E+01   0.164635E+01   0.296678E-01   0.864806E-01    0.34519E+01   0.360292E+00   0.373955E+00   0.105572E+01
   0.379327E+00   0.118221E+02   0.145073E+01   0.409043E+00   0.177615E+02   0.164189E+01   0.102873E+01   0.459017E+01   0.167693E+01   0.209234E-01   0.514343E-01   0.509417E+00   0.379327E+00    0.37412E+00   0.102873E+01
   0.371519E+00   0.123524E+02   0.150604E+01   0.389228E+00   0.185795E+02   0.167377E+01    0.99204E+00   0.466777E+01   0.169478E+01   0.423836E-02   0.153128E+00   0.536147E+01   0.371519E+00    0.36844E+00    0.99204E+00
   0.366259E+00   0.114432E+02   0.154461E+01   0.414819E+00   0.172187E+02   0.165108E+01   0.997905E+00   0.567685E+01   0.163736E+01   0.241524E-01   0.109411E+00   0.458326E+01   0.366259E+00   0.368738E+00   0.997905E+00
   0.368771E+00   0.120286E+02   0.152218E+01   0.434996E+00   0.178309E+02    0.16545E+01   0.920177E+00   0.471201E+01   0.169574E+01   0.144239E-01   0.153694E+00   0.356683E+01   0.368771E+00   0.370135E+00   0.920177E+00
   0.375707E+00   0.166593E+02     0.1518E+01   0.406776E+00   0.168892E+02   0.166822E+01   0.106026E+01   0.501764E+01   0.165241E+01   0.873118E-02   0.125207E+00    0.54127E+01   0.375707E+00   0.364653E+00   0.106026E+01
   0.378773E+00   0.139368E+02   0.150227E+01   0.434589E+00   0.180063E+02   0.165814E+01   0.959355E+00   0.626043E+01    0.16075E+01   0.296612E-01   0.801523E-01    0.41166E+01   0.378773E+00    0.37186E+00   0.959355E+00
   0.369206E+00   0.122926E+02   0.148667E+01   0.372576E+00   0.178238E+02    0.17075E+01   0.977157E+00   0.748076E+01   0.169381E+01    0.13357E-01   0.120873E+00   0.480698E+01   0.369206E+00   0.366915E+00   0.977157E+00
   0.382268E+00   0.120902E+02   0.148772E+01   0.402543E+00   0.187161E+02    0.16801E+01   0.101828E+01   0.682901E+01   0.164582E+01   0.909413E-01   0.244829E-01  -0.322019E+00   0.382268E+00   0.378116E+00   0.101828E+01
   0.364267E+00   0.154802E+02   0.152164E+01    0.37068E+00   0.158852E+02   0.164493E+01   0.103994E+01   0.624263E+01   0.165088E+01   0.107294E-01   0.779843E-01   0.439085E+01   0.364267E+00   0.361462E+00   0.103994E+01
    0.38188E+00    0.13466E+02   0.150593E+01   0.428847E+00   0.192161E+02   0.169992E+01   0.104413E+01   0.644093E+01   0.166642E+01   0.240472E-01   0.931821E-01   0.426192E+01    0.38188E+00    0.37483E+00   0.104413E+01
   0.387182E+00   0.166468E+02   0.148206E+01   0.440653E+00    0.16613E+02   0.164288E+01   0.876323E+00    0.55832E+01   0.169287E+01   0.455112E-01   0.158806E+00  -0.177817E+01   0.387182E+00   0.369342E+00   0.876323E+00
    0.36216E+00   0.119776E+02   0.153002E+01   0.522231E+00   0.208862E+02   0.166259E+01   0.102933E+01   0.754624E+01   0.165531E+01   0.173493E-01   0.100305E+00    0.41135E+01    0.36216E+00   0.389641E+00   0.102933E+01
   0.371961E+00   0.134034E+02    0.15267E+01   0.395146E+00     0.1886E+02   0.170314E+01   0.101648E+01   0.357819E+01   0.168878E+01   0.384563E-01   0.998158E-01   0.578763E+01   0.371961E+00   0.367125E+00   0.101648E+01
   0.364127E+00   0.153524E+02   0.150541E+01   0.373985E+00   0.165773E+02   0.169692E+01   0.945328E+00   0.718282E+01   0.167262E+01   0.384856E-02       0.15E+00    0.66538E+01   0.364127E+00   0.358115E+00   0.945328E+00
   0.373507E+00   0.148256E+02    0.15557E+01   0.382086E+00   0.184829E+02   0.166393E+01   0.101291E+01   0.415747E+01   0.168334E+01   0.254153E-01   0.170203E+00   0.194383E+01   0.373507E+00   0.371846E+00   0.101291E+01
   0.373638E+00   0.136745E+02   0.150226E+01   0.392747E+00   0.173044E+02   0.168266E+01   0.978069E+00   0.693977E+01   0.168587E+01   0.306856E-01   0.103041E+00   0.711131E+01   0.373638E+00   0.367353E+00   0.978069E+00
   0.360848E+00    0.95417E+01   0.147789E+01   0.464097E+00   0.201292E+02    0.16866E+01    0.94535E+00   0.741361E+01   0.168806E+01   0.251859E-01   0.606518E-01   0.259151E+01   0.360848E+00   0.376256E+00    0.94535E+00
   0.371303E+00   0.126147E+02    0.14307E+01   0.393579E+00   0.182995E+02   0.169237E+01   0.967281E+00   0.675024E+01   0.171304E+01   0.175983E-02   0.120537E+00   0.275234E+00   0.371303E+00   0.361382E+00   0.967281E+00
   0.367636E+00   0.113251E+02   0.148333E+01   0.426354E+00   0.176192E+02   0.170747E+01   0.103264E+01   0.481504E+01   0.165215E+01   0.112432E-01   0.130724E+00   0.522982E+01   0.367636E+00   0.360591E+00   0.103264E+01
   0.358211E+00   0.106027E+02   0.150658E+01   0.481736E+00   0.186109E+02    0.16584E+01   0.986335E+00   0.576008E+01   0.168013E+01   0.782741E-01   0.703044E-01   0.212154E+01   0.358211E+00   0.375184E+00   0.986335E+00
   0.373903E+00   0.164968E+02   0.149011E+01   0.396824E+00    0.16249E+02   0.162763E+01   0.953478E+00   0.792925E+01   0.171963E+01   0.288035E-01   0.981413E-01   0.163973E+01   0.373903E+00   0.364996E+00   0.953478E+00
   0.385593E+00    0.15014E+02   0.153267E+01   0.405256E+00   0.189138E+02   0.163243E+01   0.942754E+00   0.883982E+01   0.167563E+01   0.479684E-01   0.914732E-01   0.144235E+01   0.385593E+00   0.383554E+00   0.942754E+00
   0.370761E+00   0.115557E+02   0.151824E+01   0.433045E+00   0.179576E+02   0.168567E+01   0.100677E+01   0.498801E+01   0.164344E+01    0.19764E-01   0.130882E+00   0.483258E+01   0.370761E+00    0.36987E+00   0.100677E+01
   0.366473E+00   0.121654E+02   0.152038E+01   0.412363E+00   0.183008E+02   0.167881E+01   0.105432E+01   0.592435E+01   0.164857E+01   0.132445E-01   0.114166E+00   0.463812E+01   0.366473E+00   0.364238E+00   0.105432E+01
   0.371518E+00   0.106263E+02    0.14664E+01   0.390085E+00   0.181051E+02   0.171517E+01   0.965275E+00   0.295176E+01   0.165737E+01   0.234778E-01   0.902112E-01     0.4007E+01   0.371518E+00   0.365823E+00   0.965275E+00
   0.378876E+00   0.142629E+02    0.14367E+01   0.408553E+00   0.177474E+02   0.172675E+01   0.945712E+00    0.58019E+01   0.167339E+01   0.164208E-01   0.125532E+00   0.246664E+01   0.378876E+00   0.361344E+00   0.945712E+00
   0.378272E+00   0.120875E+02   0.151122E+01   0.392571E+00    0.18913E+02   0.164463E+01   0.106964E+01   0.702836E+01   0.165901E+01   0.321991E-01   0.784733E-01   0.410227E+01   0.378272E+00   0.377199E+00   0.106964E+01
   0.379003E+00   0.137499E+02   0.148501E+01   0.431286E+00   0.205941E+02   0.167482E+01   0.874206E+00   0.733039E+01   0.167184E+01   0.347764E-02   0.132382E+00  -0.184599E+01   0.379003E+00   0.373892E+00   0.874206E+00
    0.37154E+00   0.152351E+02   0.149018E+01   0.372441E+00   0.176329E+02    0.16579E+01   0.967311E+00    0.44117E+01   0.164399E+01   0.198604E-01   0.928382E-01   0.764361E+01    0.37154E+00   0.370763E+00   0.967311E+00
   0.371763E+00   0.136216E+02   0.146834E+01   0.407241E+00   0.169244E+02   0.167843E+01   0.986686E+00   0.483702E+01   0.170832E+01   0.426587E-01   0.852392E-01    0.47481E+01   0.371763E+00   0.359894E+00   0.986686E+00
   0.366037E+00   0.132787E+02   0.151321E+01   0.368992E+00   0.180169E+02   0.167475E+01    0.98881E+00   0.744421E+01   0.163412E+01   0.186741E-01   0.171862E+00   0.323065E+01   0.366037E+00   0.364673E+00    0.98881E+00
   0.371647E+00   0.129125E+02   0.152934E+01   0.390554E+00    0.17427E+02   0.167815E+01   0.974098E+00   0.421792E+01   0.169204E+01   0.180698E-01   0.752405E-01   0.607658E+01   0.371647E+00   0.368071E+00   0.974098E+00
   0.362942E+00   0.116286E+02   0.150846E+01   0.459619E+00   0.182885E+02   0.168102E+01   0.908877E+00   0.369993E+01   0.163233E+01   0.222199E-01   0.135297E+00   0.275384E+01   0.362942E+00   0.365755E+00   0.908877E+00
   0.366459E+00   0.131071E+02   0.155014E+01   0.415815E+00   0.167078E+02   0.168693E+01   0.983517E+00   0.675577E+01   0.167971E+01   0.137616E-01   0.134737E+00   0.512303E+01   0.366459E+00   0.361263E+00   0.983517E+00
   0.361068E+00   0.114324E+02   0.150948E+01   0.361766E+00   0.176616E+02   0.169429E+01   0.105289E+01   0.497928E+01   0.169729E+01   0.662247E-01   0.122751E+00   0.156642E+01   0.361068E+00   0.360573E+00   0.105289E+01
   0.353585E+00   0.118202E+02   0.152961E+01   0.538243E+00   0.200906E+02   0.169668E+01   0.892828E+00   0.188872E+01   0.170875E+01   0.282503E-01   0.916716E-01  -0.188273E+01   0.353585E+00   0.378718E+00   0.892828E+00
   0.366071E+00    0.12093E+02   0.155014E+01   0.446869E+00   0.179716E+02   0.164534E+01    0.94487E+00   0.522082E+01   0.162222E+01   0.406791E-01   0.113391E+00   0.149826E+01   0.366071E+00   0.373409E+00    0.94487E+00
   0.379655E+00   0.142914E+02    0.14873E+01   0.414221E+00   0.189245E+02   0.164528E+01   0.102213E+01   0.451307E+01   0.166735E+01   0.304979E-01   0.985711E-01   0.503672E+01   0.379655E+00   0.373963E+00   0.102213E+01
   0.359752E+00   0.119964E+02   0.151048E+01   0.376698E+00   0.154943E+02   0.167228E+01   0.967567E+00   0.665319E+01   0.165593E+01    0.38549E-01   0.838928E-01   0.459816E+01   0.359752E+00   0.355123E+00   0.967567E+00
   0.366351E+00    0.13906E+02   0.149149E+01   0.411395E+00   0.164019E+02   0.169039E+01   0.972051E+00   0.400576E+01   0.167297E+01   0.291321E-01   0.676853E-01   0.388743E+01   0.366351E+00   0.352559E+00   0.972051E+00
   0.352703E+00   0.128295E+02   0.156841E+01   0.353118E+00   0.161348E+02   0.169722E+01   0.108554E+01   0.495645E+01   0.163463E+01   0.846111E-02   0.147588E+00   0.420644E+00   0.352703E+00   0.352463E+00   0.108554E+01
    0.36083E+00   0.124682E+02   0.151402E+01   0.361472E+00   0.173978E+02   0.167651E+01   0.105263E+01   0.529024E+01   0.165724E+01    0.40525E-01   0.758185E-01   0.505976E+01    0.36083E+00     0.3604E+00   0.105263E+01
    0.34065E+00   0.101308E+02   0.155457E+01   0.413457E+00   0.142445E+02   0.166565E+01   0.908152E+00   0.353318E+01   0.169516E+01   0.204801E-02   0.162087E+00  -0.230946E+01    0.34065E+00   0.342794E+00   0.908152E+00
   0.368436E+00   0.194348E+02   0.151783E+01   0.403184E+00   0.169445E+02   0.174343E+01   0.943452E+00   0.624919E+01   0.164141E+01    0.24797E-02   0.136113E+00  -0.268888E+01   0.368436E+00   0.345122E+00   0.943452E+00
   0.371565E+00   0.136093E+02   0.149588E+01   0.437417E+00   0.168209E+02   0.167775E+01   0.973681E+00   0.522865E+01   0.167453E+01   0.685427E-02   0.112872E+00   0.729035E+01   0.371565E+00    0.35947E+00   0.973681E+00
   0.368715E+00   0.146964E+02   0.153255E+01   0.370364E+00   0.183414E+02   0.169771E+01    0.10861E+01   0.823236E+01   0.164722E+01   0.467981E-01   0.915581E-01    0.28032E+01   0.368715E+00   0.367665E+00    0.10861E+01
   0.386756E+00   0.173116E+02    0.14883E+01   0.449568E+00   0.177253E+02   0.169066E+01   0.956096E+00   0.528066E+01   0.161346E+01   0.316203E-01    0.86379E-01   0.182479E+01   0.386756E+00   0.363301E+00   0.956096E+00
    0.37393E+00   0.153748E+02   0.146817E+01   0.384594E+00   0.184972E+02   0.171317E+01   0.100349E+01   0.321449E+01    0.16891E+01   0.340409E-01   0.901843E-01   0.563257E+01    0.37393E+00   0.366267E+00   0.100349E+01
   0.374081E+00   0.139842E+02   0.149561E+01   0.434708E+00   0.174206E+02   0.169036E+01   0.976645E+00   0.211776E+01   0.174374E+01    0.26041E-01   0.778831E-01   0.127117E+01   0.374081E+00   0.361177E+00   0.976645E+00
   0.372353E+00   0.160629E+02   0.148375E+01   0.396546E+00   0.174094E+02   0.170508E+01   0.915018E+00   0.617245E+01   0.164967E+01   0.254084E-01   0.106603E+00   0.572788E+01   0.372353E+00   0.359135E+00   0.915018E+00
   0.380956E+00   0.147069E+02   0.147197E+01   0.413988E+00   0.179984E+02   0.167072E+01   0.915541E+00   0.389286E+01   0.165321E+01   0.294947E-01   0.751398E-01   0.604424E+01   0.380956E+00   0.370072E+00   0.915541E+00
   0.365301E+00   0.109848E+02   0.149228E+01   0.414498E+00   0.182318E+02   0.173328E+01   0.993347E+00   0.454471E+01   0.163987E+01   0.493358E-01   0.109471E+00   0.169662E+01   0.365301E+00   0.358668E+00   0.993347E+00
    0.37412E+00   0.117139E+02   0.151271E+01   0.385772E+00   0.190264E+02    0.17011E+01   0.902599E+00    0.50459E+01   0.166165E+01   0.289656E-01   0.834462E-01   0.607899E+01    0.37412E+00   0.371427E+00   0.902599E+00
   0.365219E+00   0.119289E+02   0.150104E+01   0.416979E+00   0.175283E+02   0.167948E+01   0.101213E+01   0.585917E+01   0.167575E+01   0.100596E-01   0.106632E+00   0.631711E+01   0.365219E+00   0.360601E+00   0.101213E+01
     0.3738E+00   0.921595E+01   0.151217E+01   0.420051E+00   0.220738E+02   0.170583E+01    0.10515E+01   0.609139E+01    0.16818E+01    0.47296E-01   0.622456E-01  -0.169917E+01     0.3738E+00   0.380761E+00    0.10515E+01
   0.370554E+00    0.13629E+02   0.148517E+01    0.38463E+00   0.173225E+02   0.167797E+01   0.101635E+01   0.546755E+01   0.169623E+01   0.187254E-01   0.123824E+00   0.753394E+01   0.370554E+00   0.364717E+00   0.101635E+01
   0.386935E+00   0.155988E+02    0.15195E+01    0.40258E+00   0.193005E+02   0.169185E+01   0.108355E+01   0.447009E+01   0.166762E+01   0.405087E-01   0.180862E+00  -0.227077E+01   0.386935E+00   0.381511E+00   0.108355E+01
   0.366305E+00   0.115237E+02   0.150425E+01   0.466694E+00   0.167907E+02   0.165379E+01   0.103902E+01   0.683453E+01   0.163686E+01   0.401282E-02   0.149733E+00   0.330648E+01   0.366305E+00    0.36827E+00   0.103902E+01
   0.369253E+00   0.138864E+02   0.150559E+01   0.426044E+00   0.167681E+02    0.17059E+01   0.104356E+01   0.576373E+01   0.164593E+01   0.129698E-01   0.831227E-01    0.52417E+01   0.369253E+00   0.354833E+00   0.104356E+01
   0.367663E+00   0.992753E+01   0.150039E+01   0.449432E+00   0.189871E+02   0.170801E+01   0.103102E+01   0.681948E+01   0.163561E+01   0.248933E-01   0.118752E+00   0.131034E+01   0.367663E+00   0.373594E+00   0.103102E+01
    0.35062E+00   0.111897E+02   0.152083E+01   0.405303E+00   0.152038E+02   0.168631E+01   0.983983E+00   0.634609E+01   0.167413E+01   0.190065E-01   0.115572E+00   0.275014E+01    0.35062E+00   0.344663E+00   0.983983E+00
   0.368226E+00   0.116146E+02   0.152436E+01   0.369016E+00   0.181762E+02   0.168727E+01    0.10233E+01   0.627416E+01   0.169908E+01    0.40038E-01   0.107648E+00   0.560229E+01   0.368226E+00   0.367808E+00    0.10233E+01
   0.364199E+00   0.170458E+02   0.149361E+01   0.380664E+00   0.151146E+02   0.167589E+01   0.104457E+01   0.373006E+01   0.166358E+01   0.692154E-02   0.807792E-01   0.237563E+01   0.364199E+00   0.353013E+00   0.104457E+01
   0.357533E+00   0.108417E+02   0.153829E+01   0.492346E+00   0.211561E+02   0.167085E+01   0.109812E+01   0.590956E+01   0.168833E+01    0.23031E-01   0.713141E-01   0.164975E+01   0.357533E+00   0.386419E+00   0.109812E+01
   0.368782E+00   0.175477E+02   0.152243E+01   0.401434E+00   0.168297E+02   0.166127E+01   0.946013E+00    0.42508E+01    0.17035E+01   0.232966E-01   0.918904E-01   0.854449E+00   0.368782E+00   0.356864E+00   0.946013E+00
   0.359776E+00   0.118007E+02   0.152758E+01   0.405903E+00   0.171629E+02   0.170121E+01   0.955439E+00   0.367099E+01   0.167054E+01   0.189233E-02   0.128433E+00    0.52557E+01   0.359776E+00    0.35524E+00   0.955439E+00
   0.366352E+00   0.146155E+02   0.149198E+01   0.386378E+00   0.168171E+02   0.171002E+01   0.100097E+01   0.464151E+01   0.164876E+01   0.233551E-01   0.112153E+00   0.685171E+01   0.366352E+00   0.356002E+00   0.100097E+01
   0.366741E+00   0.138611E+02   0.154957E+01   0.410691E+00   0.170891E+02   0.167014E+01   0.987432E+00   0.265956E+01    0.16553E+01    0.20523E-01   0.715487E-01   0.392331E+01   0.366741E+00   0.362108E+00   0.987432E+00
   0.367674E+00   0.121304E+02   0.149485E+01   0.383971E+00   0.182379E+02   0.169699E+01   0.105693E+01   0.691849E+01   0.164261E+01   0.317985E-02   0.132664E+00   0.480762E+01   0.367674E+00   0.363043E+00   0.105693E+01
   0.362653E+00   0.108152E+02   0.151149E+01   0.380695E+00   0.185121E+02   0.172434E+01   0.104933E+01   0.464474E+01   0.164945E+01   0.253803E-01   0.734223E-01   0.313895E+01   0.362653E+00   0.359009E+00   0.104933E+01
   0.365103E+00   0.131228E+02   0.149002E+01   0.367715E+00   0.166703E+02   0.162848E+01   0.957652E+00   0.684476E+01   0.167745E+01   0.904488E-02   0.129687E+00   0.468934E+01   0.365103E+00   0.363976E+00   0.957652E+00
    0.36337E+00   0.144815E+02   0.150142E+01    0.37039E+00   0.163225E+02   0.168167E+01   0.981081E+00   0.477158E+01   0.167669E+01   0.268376E-01   0.875386E-01   0.802408E+01    0.36337E+00   0.359266E+00   0.981081E+00
   0.367365E+00   0.144929E+02   0.154026E+01   0.402632E+00   0.168287E+02   0.167221E+01   0.103767E+01    0.59449E+01   0.167221E+01   0.120088E-01   0.149383E+00   0.515897E+01   0.367365E+00   0.360638E+00   0.103767E+01
    0.36876E+00   0.124079E+02    0.15308E+01   0.417194E+00   0.176349E+02   0.166561E+01   0.886351E+00   0.563529E+01   0.167422E+01   0.815093E-02    0.12219E+00   0.503153E+01    0.36876E+00   0.367086E+00   0.886351E+00
   0.369421E+00   0.142947E+02   0.152595E+01   0.384413E+00   0.184357E+02   0.169961E+01   0.988027E+00   0.369979E+01   0.168314E+01   0.317496E-01   0.110352E+00   0.651378E+01   0.369421E+00   0.364587E+00   0.988027E+00
   0.362464E+00   0.133146E+02   0.150719E+01    0.41989E+00   0.154906E+02   0.169648E+01   0.945018E+00   0.771304E+01   0.167861E+01   0.180991E-01   0.148919E+00   0.318008E+01   0.362464E+00   0.347644E+00   0.945018E+00
   0.379452E+00   0.152749E+02   0.150368E+01   0.422247E+00   0.185597E+02   0.167892E+01   0.100994E+01   0.105015E+01   0.169164E+01   0.367419E-01   0.831824E-01   0.370062E+01   0.379452E+00   0.369298E+00   0.100994E+01
   0.373084E+00   0.142945E+02   0.151731E+01   0.411966E+00   0.168777E+02   0.164505E+01   0.986212E+00   0.632739E+01   0.167685E+01    0.69042E-02   0.162498E+00   0.528131E+01   0.373084E+00    0.36674E+00   0.986212E+00
   0.384638E+00   0.155672E+02   0.149792E+01   0.412661E+00   0.201062E+02   0.169543E+01   0.976408E+00   0.486876E+01   0.164393E+01   0.395604E-01   0.671628E-01   0.555642E+01   0.384638E+00   0.376116E+00   0.976408E+00
   0.380258E+00   0.153688E+02   0.151403E+01   0.441694E+00     0.1751E+02    0.16492E+01   0.903179E+00   0.245855E+01   0.165345E+01   0.739203E-02    0.18909E+00  -0.153414E+00   0.380258E+00   0.370347E+00   0.903179E+00
   0.373666E+00   0.148843E+02   0.147213E+01   0.396344E+00    0.17513E+02   0.171826E+01    0.96409E+00   0.438835E+01   0.168914E+01   0.488295E-01   0.110733E+00   0.382522E+01   0.373666E+00   0.360858E+00    0.96409E+00
   0.394033E+00   0.144089E+02   0.149371E+01    0.41808E+00   0.212551E+02   0.168654E+01   0.953267E+00   0.419332E+01   0.168066E+01   0.632667E-01   0.110471E+00    0.15462E+01   0.394033E+00   0.388835E+00   0.953267E+00
    0.38514E+00     0.1566E+02   0.148007E+01   0.480928E+00   0.182394E+02   0.169242E+01   0.105325E+01   0.491668E+01   0.164007E+01   0.391609E-01   0.891782E-01   0.111302E+01    0.38514E+00    0.36344E+00   0.105325E+01
    0.37449E+00   0.137927E+02   0.150926E+01   0.454116E+00   0.184236E+02   0.168757E+01   0.975591E+00   0.523506E+01   0.165891E+01   0.259492E-01   0.139863E+00   0.494117E+01    0.37449E+00   0.366482E+00   0.975591E+00
   0.364372E+00   0.125648E+02   0.151693E+01    0.52255E+00   0.204403E+02   0.162823E+01   0.100678E+01   0.558945E+01   0.168777E+01   0.165112E-01   0.745683E-01   0.263767E+01   0.364372E+00   0.389475E+00   0.100678E+01
   0.369132E+00   0.146437E+02   0.151956E+01   0.388507E+00   0.182299E+02   0.167026E+01   0.107522E+01   0.464473E+01   0.162956E+01   0.288919E-01   0.103264E+00   0.280906E+01   0.369132E+00   0.364252E+00   0.107522E+01
   0.369067E+00   0.102518E+02   0.146592E+01   0.415506E+00   0.182314E+02    0.16692E+01   0.989959E+00   0.698645E+01   0.169594E+01   0.348526E-01   0.767507E-01   0.364191E+01   0.369067E+00   0.367704E+00   0.989959E+00
   0.356992E+00   0.109276E+02   0.151314E+01   0.502744E+00    0.18743E+02   0.165678E+01   0.100804E+01   0.298413E+01   0.166573E+01   0.267247E-01   0.558869E-01   0.431948E+01   0.356992E+00   0.378379E+00   0.100804E+01
   0.379914E+00   0.172253E+02   0.148768E+01   0.383109E+00    0.20613E+02   0.166379E+01   0.964319E+00   0.338846E+01   0.164867E+01   0.541753E-01   0.946053E-01   0.172305E+01   0.379914E+00    0.37784E+00   0.964319E+00
   0.366737E+00   0.130369E+02    0.15272E+01   0.525793E+00   0.201206E+02   0.166829E+01   0.104455E+01   0.549832E+01   0.162988E+01    0.33201E-02   0.107235E+00   0.288851E+01   0.366737E+00   0.382539E+00   0.104455E+01
   0.369792E+00   0.106219E+02   0.144333E+01   0.464769E+00   0.157839E+02   0.164128E+01   0.104801E+01   0.684925E+01   0.168129E+01   0.492141E-01   0.508558E-01  -0.513386E+01   0.369792E+00   0.365659E+00   0.104801E+01
   0.372578E+00   0.123711E+02   0.149494E+01   0.399559E+00   0.177523E+02    0.16841E+01   0.104845E+01   0.340457E+01    0.16593E+01   0.299203E-01   0.780522E-01   0.666289E+01   0.372578E+00   0.366889E+00   0.104845E+01
   0.385345E+00   0.135289E+02    0.14778E+01   0.393411E+00   0.187763E+02   0.164599E+01    0.10171E+01   0.697689E+01   0.167769E+01   0.499012E-01   0.653252E-01   0.395576E+01   0.385345E+00   0.382595E+00    0.10171E+01
   0.380116E+00   0.145958E+02   0.147598E+01   0.417317E+00   0.186189E+02   0.170196E+01   0.103686E+01   0.673286E+01   0.169924E+01   0.273684E-01   0.114531E+00   0.499863E+01   0.380116E+00   0.367401E+00   0.103686E+01
   0.368526E+00    0.10753E+02   0.149715E+01   0.421665E+00    0.18506E+02   0.170092E+01   0.940266E+00   0.319183E+01   0.167218E+01    0.49537E-01   0.620063E-01   0.436835E+01   0.368526E+00   0.366776E+00   0.940266E+00
   0.361861E+00    0.13093E+02   0.151255E+01   0.389142E+00   0.162296E+02   0.167413E+01   0.983722E+00   0.320092E+01   0.166199E+01   0.311982E-02     0.1432E+00    0.63246E+01   0.361861E+00   0.355171E+00   0.983722E+00
   0.366024E+00   0.175588E+02    0.14766E+01   0.379681E+00    0.15821E+02   0.167592E+01     0.9577E+00   0.561656E+01    0.16955E+01   0.142376E-01   0.187872E+00   0.226416E+01   0.366024E+00   0.355464E+00     0.9577E+00
     0.3688E+00   0.130571E+02   0.151373E+01   0.379962E+00   0.188048E+02    0.17153E+01   0.979154E+00   0.348228E+01   0.167782E+01   0.236892E-01   0.498454E-01    0.42096E+01     0.3688E+00   0.364658E+00   0.979154E+00
    0.39003E+00   0.168367E+02   0.150682E+01   0.431694E+00   0.192978E+02   0.169251E+01   0.909711E+00   0.432487E+01   0.170358E+01   0.285116E-01   0.102132E+00   0.181263E+01    0.39003E+00    0.37722E+00   0.909711E+00
    0.36833E+00   0.113629E+02   0.148124E+01   0.463878E+00   0.164341E+02   0.168051E+01   0.960085E+00    0.76301E+01    0.16976E+01    0.20866E-01    0.98085E-01   0.358209E+01    0.36833E+00   0.362537E+00   0.960085E+00
   0.372711E+00   0.156915E+02   0.154779E+01   0.408187E+00   0.171929E+02   0.166864E+01   0.965831E+00   0.589226E+01   0.166134E+01    0.15288E-01   0.136541E+00   0.538452E+01   0.372711E+00   0.365413E+00   0.965831E+00
   0.371583E+00   0.153909E+02   0.149464E+01   0.385989E+00    0.17689E+02   0.168065E+01   0.101538E+01   0.473059E+01   0.168683E+01   0.275192E-01   0.580806E-01   0.660881E+01   0.371583E+00   0.364787E+00   0.101538E+01
   0.370956E+00   0.168685E+02     0.1539E+01   0.409298E+00   0.169702E+02    0.17401E+01   0.961211E+00   0.686023E+01   0.167147E+01   0.549507E-02     0.1087E+00   0.271538E+01   0.370956E+00   0.353599E+00   0.961211E+00
   0.353612E+00   0.743029E+01   0.150192E+01   0.419413E+00   0.180877E+02   0.167876E+01   0.107933E+01   0.551395E+01   0.170318E+01   0.175403E-01   0.119317E+00   0.249924E+00   0.353612E+00   0.367824E+00   0.107933E+01
    0.36042E+00   0.112134E+02   0.148861E+01   0.366567E+00   0.151184E+02   0.165561E+01   0.988122E+00   0.741241E+01    0.16621E+01   0.307286E-01   0.152936E+00   0.282905E+01    0.36042E+00    0.35799E+00   0.988122E+00
     0.3663E+00    0.98916E+01   0.144038E+01   0.380261E+00   0.179398E+02   0.171401E+01   0.972639E+00   0.364144E+01   0.166455E+01   0.233464E-02   0.140989E+00   0.176814E+01     0.3663E+00   0.360752E+00   0.972639E+00
   0.368637E+00   0.161299E+02     0.1499E+01   0.371643E+00   0.179035E+02   0.169249E+01   0.966169E+00   0.511718E+01   0.164777E+01   0.185308E-01   0.116323E+00   0.774728E+01   0.368637E+00   0.366153E+00   0.966169E+00
   0.368608E+00   0.122798E+02   0.151969E+01   0.369522E+00   0.186891E+02   0.168299E+01   0.103664E+01   0.511637E+01   0.164585E+01   0.369476E-01   0.104177E+00   0.604094E+01   0.368608E+00   0.368118E+00   0.103664E+01
   0.366302E+00   0.151125E+02   0.151972E+01   0.372795E+00   0.158658E+02   0.165414E+01   0.980324E+00   0.303903E+01   0.166499E+01   0.371727E-01   0.997731E-01    0.49982E+01   0.366302E+00   0.363301E+00   0.980324E+00
   0.378532E+00   0.143176E+02   0.150341E+01   0.381295E+00   0.202366E+02   0.167491E+01    0.93928E+00   0.218314E+01   0.164685E+01   0.440617E-01   0.814232E-01   0.411778E+01   0.378532E+00   0.377187E+00    0.93928E+00
   0.372551E+00   0.138985E+02   0.149585E+01   0.398096E+00   0.166885E+02   0.165508E+01   0.103941E+01   0.518215E+01   0.170718E+01   0.158701E-01   0.123488E+00   0.613932E+01   0.372551E+00   0.365548E+00   0.103941E+01
   0.370717E+00   0.192859E+02   0.148132E+01   0.372525E+00   0.188564E+02   0.169174E+01   0.107473E+01   0.459787E+01   0.164888E+01   0.192261E-01   0.985105E-01   0.270906E+01   0.370717E+00   0.368506E+00   0.107473E+01
     0.3533E+00   0.969251E+01   0.153014E+01   0.458067E+00    0.17862E+02     0.1673E+01   0.103899E+01   0.100389E+02   0.163542E+01   0.166012E-01   0.961463E-01   0.935276E+00     0.3533E+00   0.369921E+00   0.103899E+01
   0.365818E+00    0.11751E+02   0.151709E+01   0.428551E+00   0.180646E+02    0.17129E+01   0.990351E+00   0.683672E+01    0.16926E+01   0.279321E-01   0.107133E+00   0.521622E+01   0.365818E+00   0.361572E+00   0.990351E+00
   0.367558E+00   0.111235E+02   0.148192E+01   0.510096E+00   0.164369E+02   0.170709E+01   0.104067E+01   0.339202E+01   0.164886E+01   0.181267E-02   0.185548E+00  -0.257236E+01   0.367558E+00   0.363477E+00   0.104067E+01
   0.355311E+00   0.110278E+02   0.153117E+01   0.490183E+00   0.181522E+02    0.16749E+01   0.105323E+01   0.282038E+01   0.167577E+01   0.138658E-02   0.114018E+00   0.500846E+01   0.355311E+00   0.371235E+00   0.105323E+01
    0.36138E+00   0.117886E+02   0.150317E+01   0.522216E+00   0.204291E+02   0.169475E+01   0.101739E+01   0.435238E+01   0.167463E+01   0.171768E-01   0.864344E-01   0.527677E+01    0.36138E+00   0.379261E+00   0.101739E+01
   0.341432E+00   0.940843E+01   0.153284E+01   0.475473E+00    0.16089E+02   0.172912E+01    0.94332E+00   0.263231E+01   0.169352E+01    0.22161E-02   0.144851E+00  -0.641566E+00   0.341432E+00   0.352005E+00    0.94332E+00
   0.371645E+00   0.117047E+02   0.152583E+01   0.408115E+00   0.183161E+02   0.167418E+01   0.952646E+00   0.507304E+01   0.168193E+01   0.453903E-01   0.110332E+00   0.555409E+01   0.371645E+00   0.370687E+00   0.952646E+00
   0.370174E+00    0.14958E+02    0.15191E+01   0.417397E+00   0.153394E+02   0.164485E+01   0.958715E+00   0.666307E+01   0.168413E+01   0.191735E-03   0.126232E+00   0.546282E+01   0.370174E+00   0.358667E+00   0.958715E+00
   0.360666E+00    0.11593E+02    0.14877E+01   0.404785E+00   0.149607E+02   0.165736E+01   0.109894E+01   0.443449E+01   0.170682E+01   0.558266E-01   0.146069E+00  -0.283168E+01   0.360666E+00    0.35272E+00   0.109894E+01
   0.371711E+00   0.128329E+02   0.150567E+01    0.46894E+00   0.199935E+02   0.173402E+01   0.103902E+01   0.636046E+01   0.168466E+01   0.183675E-01   0.130838E+00   0.182927E+01   0.371711E+00   0.366601E+00   0.103902E+01
   0.356072E+00   0.101191E+02    0.15182E+01   0.425559E+00   0.164367E+02   0.167801E+01   0.100778E+01   0.675056E+01   0.169527E+01   0.300261E-01   0.906786E-01   0.420317E+01   0.356072E+00   0.358471E+00   0.100778E+01
   0.371596E+00   0.123059E+02   0.148382E+01    0.47543E+00   0.177785E+02   0.161879E+01   0.103477E+01   0.468053E+01   0.164394E+01   0.511453E-01   0.835457E-01   0.114958E+01   0.371596E+00   0.375509E+00   0.103477E+01
   0.374892E+00   0.121499E+02   0.152459E+01   0.383438E+00    0.17901E+02   0.164554E+01   0.100365E+01   0.609177E+01   0.169034E+01   0.426561E-01   0.581131E-01   0.540454E+01   0.374892E+00   0.373854E+00   0.100365E+01
   0.375379E+00   0.127783E+02   0.150504E+01   0.397242E+00   0.186589E+02    0.16691E+01    0.10126E+01    0.48015E+01   0.166175E+01   0.329622E-01   0.105388E+00    0.73592E+01   0.375379E+00   0.371867E+00    0.10126E+01
   0.358503E+00   0.970826E+01   0.152708E+01   0.417955E+00    0.16938E+02   0.163563E+01   0.100781E+01   0.255785E+01   0.163477E+01   0.210403E-01   0.113607E+00    0.14151E+01   0.358503E+00   0.366936E+00   0.100781E+01
   0.347293E+00   0.907496E+01   0.152802E+01   0.482611E+00   0.192532E+02   0.165353E+01   0.102746E+01   0.432733E+01   0.172937E+01   0.140444E-01   0.944275E-01   0.210741E+01   0.347293E+00   0.382671E+00   0.102746E+01
   0.362457E+00   0.120511E+02   0.152144E+01   0.414684E+00   0.163472E+02   0.164767E+01   0.951294E+00   0.587884E+01   0.165567E+01   0.153705E-02   0.119966E+00   0.534972E+01   0.362457E+00   0.360265E+00   0.951294E+00
   0.366277E+00   0.109982E+02   0.150692E+01   0.442932E+00   0.167199E+02   0.168638E+01   0.963727E+00   0.700795E+01   0.168777E+01   0.366374E-01   0.166257E+00   0.135054E+01   0.366277E+00    0.36434E+00   0.963727E+00
   0.369501E+00   0.127519E+02    0.14882E+01   0.440827E+00   0.151258E+02   0.170158E+01   0.991003E+00   0.341029E+01    0.16734E+01   0.144653E-01   0.120122E+00   0.337383E+01   0.369501E+00   0.350985E+00   0.991003E+00
   0.358497E+00   0.100434E+02   0.151672E+01   0.412896E+00   0.172801E+02   0.172366E+01   0.888433E+00   0.165305E+01   0.163109E+01   0.239493E-02   0.123045E+00  -0.260223E+00   0.358497E+00   0.356575E+00   0.888433E+00
   0.364123E+00   0.133158E+02   0.151546E+01   0.451388E+00   0.167161E+02    0.16978E+01   0.864577E+00   0.336868E+01   0.168548E+01   0.113867E-01   0.130179E+00   0.106128E+01   0.364123E+00    0.35221E+00   0.864577E+00
   0.376857E+00     0.1212E+02    0.14817E+01   0.408908E+00    0.19329E+02    0.16636E+01   0.991365E+00   0.613882E+01   0.169876E+01   0.387156E-01   0.122912E+00   0.403996E+01   0.376857E+00   0.373641E+00   0.991365E+00
    0.37304E+00   0.161371E+02   0.151193E+01   0.406127E+00   0.167831E+02   0.167821E+01   0.100876E+01   0.443092E+01   0.169147E+01   0.172761E-01   0.103648E+00   0.718127E+01    0.37304E+00    0.36082E+00   0.100876E+01
   0.389649E+00   0.178517E+02   0.150754E+01   0.442155E+00   0.180202E+02   0.168088E+01   0.960053E+00   0.657291E+01   0.166093E+01   0.424051E-01   0.113327E+00   0.277416E+01   0.389649E+00     0.3714E+00   0.960053E+00
   0.365837E+00   0.136376E+02   0.151058E+01   0.385137E+00   0.175803E+02   0.170036E+01   0.947131E+00   0.587108E+01   0.168478E+01   0.271343E-01   0.892169E-01   0.740076E+01   0.365837E+00   0.359311E+00   0.947131E+00
   0.371322E+00   0.128234E+02   0.152692E+01   0.437957E+00   0.166812E+02   0.170262E+01   0.936086E+00   0.622692E+01   0.167815E+01     0.1576E-01   0.113498E+00   0.400188E+01   0.371322E+00   0.362447E+00   0.936086E+00
   0.376147E+00   0.169416E+02   0.150101E+01   0.400776E+00   0.166914E+02   0.165499E+01   0.100623E+01   0.521111E+01   0.167183E+01   0.316976E-01   0.864273E-01   0.638379E+01   0.376147E+00   0.365699E+00   0.100623E+01
   0.370124E+00    0.10769E+02   0.149346E+01   0.371223E+00   0.172339E+02   0.164386E+01   0.956826E+00   0.459662E+01   0.166283E+01   0.178128E-01   0.941892E-01   0.654557E+01   0.370124E+00   0.369683E+00   0.956826E+00
   0.361813E+00   0.133545E+02   0.152972E+01   0.379665E+00   0.157729E+02   0.167298E+01   0.949744E+00   0.715627E+01   0.170544E+01   0.371656E-01   0.117518E+00   0.381437E+01   0.361813E+00   0.356851E+00   0.949744E+00
   0.363462E+00   0.113681E+02   0.154683E+01   0.451468E+00   0.182997E+02   0.167187E+01   0.898151E+00   0.553601E+01   0.166734E+01   0.275281E-01   0.103521E+00   0.418408E+01   0.363462E+00   0.372073E+00   0.898151E+00
   0.376125E+00   0.110979E+02   0.146057E+01   0.415465E+00   0.189768E+02   0.164797E+01   0.100731E+01   0.681886E+01   0.165345E+01   0.103333E+00    0.83638E-01  -0.145211E+01   0.376125E+00   0.374421E+00   0.100731E+01
   0.368556E+00   0.106262E+02   0.153183E+01   0.398129E+00   0.175165E+02   0.168666E+01    0.98272E+00   0.529686E+01   0.169708E+01   0.372909E-01   0.901861E-01   0.499722E+01   0.368556E+00   0.367751E+00    0.98272E+00
   0.358708E+00   0.103363E+02   0.150547E+01   0.475862E+00   0.181262E+02   0.166982E+01   0.985644E+00   0.686849E+01   0.166387E+01   0.709569E-02   0.730922E-01   0.553054E+01   0.358708E+00    0.37251E+00   0.985644E+00
     0.3846E+00   0.179621E+02   0.150082E+01   0.418426E+00   0.185219E+02   0.168853E+01   0.998896E+00   0.585459E+01   0.165988E+01   0.398886E-01   0.914609E-01   0.529916E+01     0.3846E+00   0.370024E+00   0.998896E+00
   0.362649E+00   0.124924E+02   0.149907E+01    0.36622E+00   0.163372E+02   0.164923E+01   0.109812E+01   0.335424E+01   0.165971E+01   0.128085E-02   0.114407E+00   0.383135E+01   0.362649E+00   0.361151E+00   0.109812E+01
   0.362991E+00   0.140475E+02   0.148775E+01   0.364805E+00   0.171677E+02   0.169082E+01   0.997137E+00   0.846013E+01   0.168072E+01   0.122994E-01   0.786104E-01   0.638562E+01   0.362991E+00   0.361367E+00   0.997137E+00
   0.378807E+00   0.127636E+02   0.150467E+01   0.424379E+00    0.18165E+02   0.166382E+01    0.10347E+01   0.241367E+01   0.165492E+01   0.317379E-01   0.827171E-01   0.462557E+01   0.378807E+00   0.374847E+00    0.10347E+01
    0.37363E+00   0.133087E+02   0.150951E+01   0.438391E+00   0.162192E+02   0.166143E+01   0.892952E+00   0.634645E+01   0.167589E+01   0.434179E-01    0.95069E-01   0.323025E+01    0.37363E+00   0.364548E+00   0.892952E+00
   0.371605E+00   0.142735E+02   0.152471E+01   0.419038E+00   0.164052E+02   0.166081E+01   0.952175E+00   0.513915E+01   0.166792E+01   0.147096E-01   0.112272E+00   0.722798E+01   0.371605E+00   0.363041E+00   0.952175E+00
   0.376173E+00   0.131116E+02    0.15155E+01   0.459678E+00   0.185861E+02   0.162313E+01   0.954519E+00   0.663895E+01    0.17286E+01   0.399201E-01   0.643059E-01   0.689983E+00   0.376173E+00   0.380272E+00   0.954519E+00
   0.360814E+00   0.134314E+02   0.151868E+01   0.374892E+00   0.167604E+02   0.170256E+01    0.95395E+00    0.12625E+01   0.166406E+01    0.75997E-03   0.171502E+00   0.323041E+01   0.360814E+00   0.355302E+00    0.95395E+00
   0.373184E+00   0.147024E+02   0.148965E+01   0.375067E+00   0.193572E+02   0.169486E+01   0.104665E+01   0.470471E+01   0.163957E+01   0.674054E-01   0.797315E-01   0.447643E+01   0.373184E+00   0.371644E+00   0.104665E+01
    0.37733E+00   0.143733E+02   0.149635E+01   0.383971E+00   0.169734E+02   0.162864E+01    0.10377E+01   0.737461E+01    0.16246E+01    0.80729E-01   0.119567E+00  -0.142121E+01    0.37733E+00    0.37496E+00    0.10377E+01
   0.371773E+00   0.135747E+02   0.153736E+01   0.403747E+00   0.175793E+02   0.167457E+01   0.968727E+00   0.539523E+01    0.16129E+01   0.384967E-01    0.10434E+00   0.412847E+01   0.371773E+00   0.367417E+00   0.968727E+00
   0.375855E+00   0.128643E+02   0.148336E+01   0.379487E+00   0.191372E+02   0.169185E+01   0.915209E+00   0.659756E+01   0.165431E+01   0.602033E-01   0.875552E-01   0.505781E+01   0.375855E+00   0.373748E+00   0.915209E+00
   0.365885E+00   0.121142E+02   0.148375E+01   0.379003E+00    0.16599E+02   0.171425E+01    0.10103E+01   0.714126E+01   0.169487E+01   0.102238E-01   0.165191E+00   0.320615E+01   0.365885E+00   0.359453E+00    0.10103E+01
   0.372112E+00   0.123374E+02   0.150578E+01   0.410632E+00   0.171722E+02   0.164114E+01   0.983504E+00    0.58446E+01   0.169475E+01   0.409403E-01   0.130728E+00   0.425678E+01   0.372112E+00   0.369439E+00   0.983504E+00
   0.332209E+00   0.840048E+01   0.152565E+01   0.468078E+00    0.17108E+02   0.167807E+01   0.969662E+00   0.633433E+01   0.166898E+01   0.339098E-01   0.116181E+00   0.184017E+01   0.332209E+00   0.361471E+00   0.969662E+00
   0.380349E+00    0.15719E+02    0.15003E+01    0.40736E+00   0.179283E+02   0.169737E+01   0.924281E+00   0.720193E+01   0.168737E+01   0.510113E-01   0.714001E-01   0.411232E+01   0.380349E+00   0.369342E+00   0.924281E+00
   0.369611E+00   0.117138E+02   0.146832E+01   0.390615E+00   0.177414E+02   0.171364E+01   0.980983E+00   0.542833E+01   0.170594E+01   0.257148E-01   0.816914E-01   0.558064E+01   0.369611E+00   0.361955E+00   0.980983E+00
   0.371598E+00    0.93141E+01   0.148036E+01   0.392829E+00   0.182532E+02    0.16515E+01   0.937313E+00   0.477493E+01   0.171712E+01   0.151354E-01   0.110098E+00   0.237033E+01   0.371598E+00   0.371771E+00   0.937313E+00
   0.367786E+00   0.115646E+02   0.149595E+01   0.417378E+00   0.168092E+02   0.163391E+01   0.100927E+01   0.380729E+01   0.167039E+01   0.201134E-01   0.833014E-01   0.481465E+01   0.367786E+00   0.366543E+00   0.100927E+01
    0.35807E+00    0.13711E+02   0.156464E+01   0.389687E+00   0.166399E+02    0.17172E+01   0.105198E+01   0.638738E+01   0.167971E+01   0.137485E-01   0.916588E-01   0.211874E+01    0.35807E+00   0.351296E+00   0.105198E+01
   0.362099E+00    0.11456E+02   0.150904E+01    0.40746E+00   0.164598E+02   0.170189E+01   0.927681E+00   0.722703E+01   0.166105E+01   0.181201E-01   0.146959E+00   0.422178E+01   0.362099E+00   0.355409E+00   0.927681E+00
   0.367852E+00   0.104936E+02   0.151533E+01   0.455067E+00   0.202888E+02    0.16821E+01   0.917883E+00   0.733583E+01   0.170678E+01    0.27838E-01   0.124589E+00   0.162405E+01   0.367852E+00   0.380008E+00   0.917883E+00
   0.361564E+00   0.104335E+02   0.156031E+01   0.397913E+00   0.169134E+02    0.16817E+01      0.978E+00   0.311978E+01   0.169452E+01   0.268944E-01   0.832751E-01     0.2854E+01   0.361564E+00   0.363268E+00      0.978E+00
   0.369263E+00   0.152479E+02   0.156342E+01   0.390327E+00   0.178509E+02   0.166942E+01   0.103355E+01   0.643431E+01   0.168967E+01   0.840213E-02   0.167022E+00   0.184161E+01   0.369263E+00   0.365837E+00   0.103355E+01
    0.36171E+00   0.122534E+02   0.150946E+01   0.390364E+00   0.155864E+02   0.168927E+01   0.103858E+01   0.548827E+01   0.169081E+01     0.1631E-01   0.181671E+00   0.337921E+01    0.36171E+00   0.354093E+00   0.103858E+01
   0.385351E+00   0.153288E+02   0.145322E+01   0.389878E+00   0.197013E+02   0.166077E+01   0.100169E+01   0.521261E+01   0.162579E+01   0.545213E-01   0.553382E-01   0.234093E+01   0.385351E+00   0.382238E+00   0.100169E+01
   0.356035E+00   0.140023E+02   0.144222E+01   0.361169E+00   0.163018E+02   0.171636E+01    0.95677E+00   0.679147E+01   0.169122E+01   0.179357E-01   0.949137E-01   0.335312E+01   0.356035E+00   0.350263E+00    0.95677E+00
   0.355493E+00   0.103432E+02    0.15041E+01    0.39002E+00   0.164042E+02   0.173148E+01   0.100563E+01   0.325372E+01   0.167703E+01   0.136388E-01    0.12605E+00   0.306059E+01   0.355493E+00   0.348863E+00   0.100563E+01
   0.354554E+00   0.116233E+02   0.156201E+01   0.479517E+00    0.18273E+02   0.170297E+01   0.102839E+01   0.407471E+01   0.168268E+01   0.737924E-01   0.107655E+00   -0.23039E+01   0.354554E+00    0.36571E+00   0.102839E+01
   0.361091E+00   0.110024E+02   0.150713E+01   0.453934E+00   0.165054E+02   0.170386E+01   0.100779E+01    0.91037E+01   0.168352E+01   0.585455E-02   0.133867E+00   0.274135E+01   0.361091E+00    0.35765E+00   0.100779E+01
   0.374537E+00   0.171024E+02   0.151512E+01   0.384751E+00    0.18824E+02   0.169775E+01   0.998507E+00   0.503875E+01   0.164549E+01   0.218297E-01   0.763314E-01   0.629173E+01   0.374537E+00   0.368945E+00   0.998507E+00
   0.373027E+00   0.132493E+02   0.150523E+01   0.434769E+00   0.177189E+02   0.169392E+01   0.100124E+01   0.516469E+01   0.166632E+01   0.426627E-01   0.594838E-01   0.617371E+01   0.373027E+00   0.363848E+00   0.100124E+01
   0.370906E+00   0.115563E+02   0.147827E+01   0.437311E+00   0.178586E+02    0.16955E+01   0.101424E+01   0.501533E+01   0.166104E+01   0.264137E-01   0.105921E+00   0.615849E+01   0.370906E+00   0.364597E+00   0.101424E+01
   0.366673E+00   0.112667E+02    0.15192E+01   0.367292E+00   0.175166E+02   0.168185E+01   0.100923E+01   0.565731E+01   0.162026E+01   0.383299E-01    0.69053E-01   0.505885E+01   0.366673E+00    0.36632E+00   0.100923E+01
   0.362985E+00   0.125472E+02   0.153627E+01   0.402126E+00   0.165732E+02   0.165393E+01   0.104801E+01   0.723644E+01   0.159132E+01   0.118683E-01   0.111198E+00  -0.275814E+00   0.362985E+00    0.36047E+00   0.104801E+01
   0.376762E+00   0.151063E+02   0.153144E+01   0.432596E+00   0.183027E+02   0.174226E+01   0.954283E+00   0.714823E+01   0.167731E+01   0.115805E-01   0.120701E+00   0.235136E+01   0.376762E+00    0.36169E+00   0.954283E+00
   0.367407E+00   0.131948E+02   0.153232E+01   0.388671E+00   0.176684E+02   0.168327E+01   0.981338E+00   0.803277E+01   0.168943E+01   0.477462E-01   0.714852E-01   0.477599E+01   0.367407E+00    0.36342E+00   0.981338E+00
    0.37071E+00   0.140447E+02   0.150845E+01   0.398105E+00   0.173008E+02   0.167201E+01   0.962562E+00   0.675521E+01   0.170103E+01   0.929851E-02   0.788949E-01   0.596556E+01    0.37071E+00   0.363721E+00   0.962562E+00
     0.3612E+00   0.106958E+02   0.148512E+01   0.533465E+00   0.205474E+02   0.163451E+01   0.935888E+00   0.427378E+01   0.166731E+01   0.156023E-01   0.753369E-01    0.36135E+01     0.3612E+00   0.397779E+00   0.935888E+00
   0.364717E+00   0.121029E+02   0.145567E+01   0.370523E+00   0.172836E+02   0.167937E+01   0.100036E+01   0.694821E+01   0.165124E+01   0.171369E-01   0.930635E-01   0.585832E+01   0.364717E+00     0.3612E+00   0.100036E+01
   0.375769E+00   0.136947E+02   0.149166E+01   0.401557E+00    0.17603E+02    0.16803E+01   0.997913E+00   0.402713E+01   0.167568E+01   0.350336E-01   0.117468E+00   0.687958E+01   0.375769E+00   0.368071E+00   0.997913E+00
    0.38224E+00   0.128278E+02   0.148675E+01   0.392167E+00    0.20753E+02   0.167688E+01   0.930415E+00   0.452577E+01   0.167129E+01    0.62359E-01   0.101902E+00   0.376495E+01    0.38224E+00   0.379597E+00   0.930415E+00
   0.372217E+00   0.145473E+02    0.15076E+01   0.385214E+00    0.18855E+02   0.166869E+01   0.987136E+00   0.429775E+01   0.165176E+01   0.124221E-01   0.127627E+00   0.575559E+01   0.372217E+00   0.368293E+00   0.987136E+00
   0.372216E+00   0.123285E+02   0.150986E+01    0.42095E+00   0.178779E+02   0.169529E+01   0.956788E+00   0.502837E+01   0.170991E+01   0.175515E-01   0.888541E-01   0.614944E+01   0.372216E+00    0.36648E+00   0.956788E+00
    0.36079E+00   0.113198E+02   0.148331E+01   0.563813E+00   0.203977E+02   0.167684E+01   0.965435E+00   0.783627E+01   0.166102E+01   0.887569E-02    0.12308E+00   0.184905E+01    0.36079E+00   0.392041E+00   0.965435E+00
   0.369747E+00   0.121357E+02   0.150097E+01   0.374461E+00   0.178411E+02   0.169049E+01   0.103307E+01   0.377073E+01   0.166185E+01   0.862886E-02   0.122582E+00   0.621815E+01   0.369747E+00   0.367618E+00   0.103307E+01
    0.35871E+00   0.134393E+02   0.154228E+01   0.401423E+00   0.142802E+02   0.165576E+01   0.991717E+00   0.688638E+01   0.163507E+01   0.169145E-01   0.129997E+00   0.193892E+01    0.35871E+00   0.350314E+00   0.991717E+00
   0.375065E+00   0.137037E+02   0.151268E+01   0.417108E+00   0.173835E+02   0.169056E+01   0.996439E+00   0.356776E+01   0.169678E+01   0.374009E-01   0.875607E-01   0.591711E+01   0.375065E+00   0.366128E+00   0.996439E+00
   0.380681E+00   0.132549E+02   0.147785E+01   0.420159E+00   0.174451E+02   0.166106E+01    0.10168E+01   0.500197E+01   0.170439E+01   0.277427E-01   0.119798E+00   0.468976E+01   0.380681E+00   0.372367E+00    0.10168E+01
   0.369849E+00   0.155625E+02   0.153963E+01   0.385988E+00   0.179222E+02   0.169796E+01   0.101281E+01   0.674501E+01    0.16505E+01   0.354289E-01   0.958909E-01   0.582194E+01   0.369849E+00   0.364167E+00   0.101281E+01
   0.372788E+00   0.123567E+02   0.154185E+01   0.372805E+00   0.188433E+02   0.167972E+01   0.909956E+00   0.533035E+01   0.171665E+01   0.571682E-01   0.912317E-01   0.288645E+01   0.372788E+00   0.372772E+00   0.909956E+00
   0.377837E+00   0.170459E+02    0.14894E+01   0.378533E+00   0.199306E+02   0.169661E+01   0.931713E+00   0.413406E+01   0.168289E+01   0.464359E-01   0.791158E-01   0.514151E+01   0.377837E+00    0.37699E+00   0.931713E+00
   0.371203E+00   0.123957E+02    0.14805E+01    0.51244E+00   0.191905E+02       0.17E+01   0.987126E+00   0.293925E+01   0.167933E+01   0.233849E-02   0.104456E+00   0.347239E+01   0.371203E+00    0.37182E+00   0.987126E+00
   0.380253E+00   0.138346E+02   0.149174E+01   0.406133E+00   0.190077E+02   0.164555E+01   0.994297E+00   0.523311E+01    0.16339E+01   0.214225E-01   0.731359E-01   0.388465E+01   0.380253E+00    0.37611E+00   0.994297E+00
   0.368913E+00    0.16675E+02   0.150519E+01   0.385536E+00   0.172132E+02   0.169647E+01   0.106661E+01   0.752933E+01   0.168375E+01    0.14995E-01   0.926472E-01   0.534295E+01   0.368913E+00   0.359642E+00   0.106661E+01
   0.369649E+00   0.149956E+02   0.155321E+01    0.39179E+00   0.175339E+02   0.169677E+01   0.872815E+00    0.29994E+01   0.163845E+01   0.223774E-01   0.887582E-01   0.256946E+01   0.369649E+00   0.363917E+00   0.872815E+00
   0.380099E+00   0.121338E+02   0.148194E+01   0.406125E+00   0.182455E+02   0.162633E+01   0.983041E+00   0.499734E+01   0.171192E+01   0.105041E-01   0.129695E+00   0.163462E+01   0.380099E+00   0.378124E+00   0.983041E+00
   0.355044E+00   0.150375E+02   0.151189E+01   0.379673E+00   0.145454E+02   0.168215E+01   0.939277E+00   0.405463E+01   0.164453E+01   0.395576E-01   0.966709E-01   0.137005E+01   0.355044E+00   0.343127E+00   0.939277E+00
   0.374438E+00   0.159722E+02   0.150515E+01   0.425683E+00   0.172004E+02   0.170266E+01   0.105141E+01   0.473301E+01   0.167887E+01   0.108464E-01    0.15625E+00   0.375465E+01   0.374438E+00    0.35643E+00   0.105141E+01
   0.378102E+00    0.18272E+02   0.147451E+01   0.389787E+00   0.166915E+02   0.163349E+01   0.105595E+01   0.699452E+01   0.166936E+01   0.367318E-01   0.859823E-01   0.189505E+01   0.378102E+00   0.370744E+00   0.105595E+01
   0.373625E+00   0.170989E+02   0.150759E+01   0.389787E+00   0.170823E+02   0.167956E+01   0.983506E+00   0.602768E+01   0.167757E+01   0.316561E-01   0.523154E-01   0.503124E+01   0.373625E+00   0.365117E+00   0.983506E+00
   0.345922E+00   0.895571E+01   0.148265E+01   0.517156E+00    0.21829E+02   0.170692E+01   0.914284E+00    0.62039E+01   0.167095E+01   0.105322E-01   0.911336E-01   0.306854E+01   0.345922E+00   0.389041E+00   0.914284E+00
    0.35735E+00   0.106237E+02   0.150779E+01   0.528134E+00   0.195577E+02   0.166755E+01   0.100635E+01   0.552722E+01   0.165498E+01   0.733869E-02   0.904529E-01   0.468171E+01    0.35735E+00   0.387839E+00   0.100635E+01
   0.348713E+00    0.94057E+01   0.151453E+01   0.475687E+00   0.168842E+02   0.169382E+01   0.946257E+00   0.881298E+01   0.169037E+01   0.352697E-01   0.848137E-01   0.499576E+00   0.348713E+00   0.363853E+00   0.946257E+00
   0.376749E+00   0.140673E+02   0.149405E+01   0.426652E+00   0.177882E+02   0.166445E+01   0.109161E+01   0.515088E+01   0.165282E+01   0.322677E-01   0.924156E-01   0.489714E+01   0.376749E+00   0.367744E+00   0.109161E+01
   0.354759E+00   0.112281E+02   0.153338E+01   0.490956E+00   0.193449E+02   0.167988E+01   0.100236E+01   0.920896E+01   0.164548E+01   0.194492E-02   0.113482E+00   0.340533E+01   0.354759E+00   0.373727E+00   0.100236E+01
   0.376884E+00   0.154016E+02   0.149466E+01   0.428224E+00   0.160173E+02   0.166992E+01   0.104506E+01   0.285919E+01   0.168379E+01   0.166116E-01   0.878925E-01   0.456185E+01   0.376884E+00   0.359738E+00   0.104506E+01
   0.377672E+00   0.153224E+02   0.149784E+01   0.394803E+00   0.177106E+02   0.163162E+01   0.853302E+00   0.797717E+01    0.16983E+01   0.200108E-01    0.11315E+00   0.129857E+01   0.377672E+00   0.372923E+00   0.853302E+00
   0.373997E+00   0.170865E+02   0.147034E+01   0.394243E+00   0.177874E+02   0.172281E+01   0.104395E+01   0.439307E+01   0.167938E+01   0.340229E-02   0.910894E-01   0.334507E+01   0.373997E+00   0.359216E+00   0.104395E+01
   0.383773E+00    0.12484E+02   0.146874E+01     0.4068E+00   0.213444E+02   0.168399E+01   0.102664E+01   0.705829E+01   0.168307E+01   0.566931E-01   0.135515E+00   0.267311E+00   0.383773E+00   0.379682E+00   0.102664E+01
   0.369492E+00   0.136879E+02   0.153421E+01   0.401911E+00   0.170798E+02    0.16631E+01   0.903065E+00   0.386223E+01    0.17135E+01   0.152012E-01   0.125721E+00   0.429403E+01   0.369492E+00   0.364894E+00   0.903065E+00
     0.3574E+00   0.141573E+02   0.150089E+01   0.379477E+00   0.167168E+02    0.16617E+01   0.103615E+01   0.694318E+01   0.171516E+01   0.208605E-01   0.152097E+00  -0.248799E+01     0.3574E+00   0.350585E+00   0.103615E+01
   0.370117E+00    0.12164E+02   0.151369E+01   0.382471E+00   0.184879E+02   0.167709E+01   0.100556E+01   0.619795E+01   0.166568E+01   0.216487E-01   0.897256E-01   0.742338E+01   0.370117E+00   0.367703E+00   0.100556E+01
   0.368556E+00   0.132722E+02   0.152323E+01    0.38761E+00   0.184059E+02   0.166461E+01   0.967164E+00    0.76881E+01   0.165587E+01   0.659034E-01   0.105589E+00   0.191799E+01   0.368556E+00   0.365695E+00   0.967164E+00
   0.368708E+00   0.136107E+02   0.150995E+01   0.401527E+00   0.167754E+02    0.16582E+01   0.102081E+01   0.773006E+01   0.171646E+01   0.134027E-01   0.949707E-01   0.472257E+01   0.368708E+00    0.36226E+00   0.102081E+01
   0.366824E+00   0.140827E+02   0.150362E+01   0.376601E+00   0.168954E+02   0.168682E+01   0.971297E+00   0.369516E+01   0.165102E+01    0.14894E-01    0.74868E-01    0.72279E+01   0.366824E+00   0.362093E+00   0.971297E+00
   0.364145E+00    0.12308E+02   0.150563E+01   0.574585E+00   0.199275E+02   0.163854E+01   0.918129E+00   0.532889E+01   0.166045E+01   0.221828E-01   0.102197E+00   0.110812E+01   0.364145E+00   0.396626E+00   0.918129E+00
   0.383506E+00    0.13895E+02   0.154844E+01   0.383634E+00   0.207102E+02   0.168819E+01   0.924543E+00   0.660046E+01   0.167998E+01   0.474146E-01   0.547948E-01   0.182673E+01   0.383506E+00   0.383422E+00   0.924543E+00
   0.388756E+00   0.164571E+02   0.150282E+01   0.444807E+00   0.187584E+02   0.168491E+01   0.988524E+00   0.477219E+01   0.166201E+01   0.351745E-01   0.810881E-01   0.506001E+01   0.388756E+00   0.373997E+00   0.988524E+00
