0.265546962580204	0.230128455781698	0.26495896257205	0.287547963155073	0.220883058039256	0.225506669326296	0.24067957028488	0.24686400902586	0.219301083837763	0.289306449224932	0.263419835431186	0.26651669149587	0.238892691543543	0.208959902664356	0.268716575992105	0.277107384005322	0.193276318151808	0.225170343010038	0.232639682223773	0.19256956373883	0.235482149233659	0.262741192929138	0.204449835501477	0.23170989054411	0.184825866811102	0.239176621475043	0.258277512784123	0.257399842933064	0.258351501471609	0.219651672157719	0.285069647915475	0.165499526929311	0.20466986243292	0.245093277452102	0.268665451594301	0.321299381592354	0.198748046954805	0.232487120048759	0.246642544580503	0.260170489984336	0.219912004651173	0.229357116223903	0.266346579455746	0.281150460850876	0.273277029642269	0.198118981049128	0.244573037174808	0.259858689458228	0.242631014627195	0.282319048229961	0.227125880287625	0.286988952847703	0.223609027358273	0.23243240659455	0.256998947621643	0.219982054779923	0.264038676632085	0.185473690515412	0.228035355522119	0.225474024969647	0.214900645384157	0.244491701108198	0.206007898418617	0.241261502500818	0.210402653302105	0.263357651528293	0.225954876118168	0.281721465485139	0.247480594430385	0.228633176087763	0.249295163576099	0.241408831215421	0.245012955964888	0.256400207353066	0.249985680576208	0.241527478149798	0.261285744790224	0.27144101900292	0.236871021846113	0.262938948246334	0.237723402357432	0.260940247532804	0.265471872512533	0.249151712468799	0.233107918806521	0.244058116570743	0.244124265241456	0.241901839003265	0.296644524646548	0.239224164813542	0.272208929535322	0.265780973858117	0.196604201542161	0.258600966764447	0.211114612825019	0.233111971618802	0.296836622559618	0.287417770286682	0.257251580979398	0.225263173990175
0.261484446317605	0.230120307355328	0.228282873084021	0.14918004537816	0.168240723819834	0.230291058027225	0.219157290086372	0.173811230498149	0.242302120971551	0.23314398300693	0.220933926198539	0.195399247940255	0.250231250777463	0.235397164901159	0.255227623553393	0.270040896746919	0.300302727606361	0.169686324116567	0.264516783483192	0.235970783358079	0.223537057461249	0.245141888653317	0.267204693540298	0.199196801520662	0.232495508993319	0.284205128076122	0.288324899452448	0.235943526130844	0.244520641194234	0.263584670404111	0.259337312408963	0.243632411463046	0.278776750023815	0.228362838924882	0.290906904499577	0.272669939482381	0.219600842549696	0.181033706153835	0.219036472182371	0.222888913968384	0.238027357436351	0.27713129119613	0.261928801776461	0.278802659549539	0.273975688241616	0.318491733399947	0.243380784146335	0.235342859704996	0.283070501971329	0.308494127673615	0.243533803180586	0.21894892408736	0.23139939674597	0.239023938005345	0.221127755651482	0.221494891597562	0.266722746509191	0.31509891829724	0.245593379556207	0.276943594498683	0.251066572860395	0.217824241928416	0.279120682838395	0.265080157708943	0.233744379123556	0.245085586226806	0.277429649268235	0.282016527226592	0.249192361566884	0.272932200613137	0.240695488065892	0.26372428673706	0.253350004945433	0.229926097004987	0.288678373879738	0.243497026274717	0.226491219588798	0.189617951080301	0.25283718400723	0.247931112094245	0.215624305220008	0.272424821144171	0.238476336061345	0.195229725739648	0.246337550278499	0.230396601434135	0.19961913069762	0.233249377633574	0.239491194854959	0.209511087450867	0.241711535393539	0.287063149984995	0.206834967015811	0.292324713711311	0.186224979451633	0.217128793315617	0.232088410670133	0.195201483995305	0.207067730180665	0.247078811727228
0.238664245029697	0.248489702880258	0.24949565789522	0.250000078733567	0.253846039937549	0.177750942003197	0.296285948024029	0.256484398669498	0.24361189571782	0.199727469553487	0.22420267217283	0.293774362172316	0.273486675058775	0.247903378157654	0.257914215411935	0.251140106167093	0.225414136162504	0.207811572769139	0.195147586896922	0.236487889168504	0.207982023073715	0.232207075533358	0.196499257491069	0.291012585878286	0.239241734253833	0.250303702484105	0.263133926066733	0.268028380679646	0.251389629622067	0.284913427514921	0.275967777169584	0.211507069535278	0.257952019640541	0.285808595962807	0.266825669843277	0.248392425194101	0.261578858422811	0.241248391839102	0.217483115962492	0.230351001560861	0.234241341334212	0.248842600644373	0.261647715789889	0.258021642244842	0.262185278928434	0.284073736029865	0.229780507594837	0.214907759227399	0.241931819952262	0.260836414440632	0.224711936469386	0.26254875095606	0.262174037394975	0.200230706709128	0.248956378132522	0.26300091694739	0.262979301750518	0.200106045376332	0.261930671059199	0.176272032031761	0.206595170507024	0.271290958850664	0.209637238772808	0.257624353393278	0.216133141521498	0.258315030554683	0.258293604715128	0.193330544918871	0.270385583635173	0.24163443895622	0.237935053865493	0.256078368105982	0.168852258927547	0.255226447898089	0.205769386290114	0.266022576629119	0.313862771094123	0.252691365824559	0.225336993765867	0.26219651200581	0.203279590524559	0.246708515098499	0.260423843066434	0.213083432678383	0.262481153408214	0.212281125671151	0.230728750451091	0.191421054349543	0.285964047521178	0.22597104499192	0.200865044374312	0.288315949162846	0.267612456448221	0.250446863153165	0.226510063767214	0.249708187315881	0.249822966342321	0.236147548781939	0.245081829876314	0.277546685820008
0.225249101549192	0.236643104174539	0.289044902823027	0.286002134421451	0.211935514320236	0.3138738118062	0.261597934780784	0.228067635037519	0.195119305532394	0.233764329064651	0.180410671983637	0.270334089252343	0.241062993927347	0.251006520147919	0.209817768631234	0.288812107534619	0.273920003316024	0.174491622498682	0.30516817850879	0.252473401069282	0.177939716021459	0.232631471929176	0.243737994819163	0.21687487620195	0.199191510503181	0.286733919269748	0.321460705156524	0.260812942060185	0.206442642077342	0.242197731760908	0.270834078570677	0.284354375473985	0.254404026741765	0.27530736612713	0.214892153061713	0.226043827165842	0.241876517124255	0.234491256310354	0.245601131803999	0.317005428753389	0.241773915588847	0.153268035529756	0.266380991935344	0.219401621731936	0.197751429566961	0.198459623254548	0.264801082918174	0.256717257578439	0.258022541222075	0.210224168943153	0.281527245786575	0.198490559875606	0.251502566730453	0.252244856545876	0.173284551187196	0.261623857721261	0.240676628577141	0.168338862983727	0.283689920352906	0.253756291309487	0.243777107716573	0.224752465782562	0.293752720020984	0.290672627676447	0.216265158516228	0.202080741378762	0.210130773078168	0.287646447837719	0.215424251130853	0.217640914590586	0.230966991306371	0.279715619620089	0.226008741112308	0.275601159008056	0.271633342751065	0.247279922360812	0.185883315452371	0.202023815197635	0.243636833288729	0.243811936735021	0.188889722665611	0.245090213935367	0.25145857262382	0.236809676889204	0.238924369395814	0.238037615462374	0.260413231112867	0.27494084633374	0.24285003028859	0.200543518231738	0.236687333434032	0.214439238249128	0.269713318900802	0.253381245672998	0.251990763009943	0.219487294367579	0.278029272308136	0.226481036598217	0.266901287052044	0.232645507677884
0.177037977981729	0.303001680231441	0.250874777693048	0.229598812284021	0.223160457657879	0.234736912424595	0.297328971661663	0.177116033335883	0.24206833234061	0.260002504014077	0.248880966171806	0.257695415371512	0.207224865619524	0.202581265585079	0.242844409476818	0.220069500076171	0.283197770562303	0.284000167923175	0.317316683360673	0.239585452396271	0.243230352775682	0.242937609530633	0.255665816383725	0.303440337527174	0.241817457829233	0.250279377214886	0.250981265362504	0.161882441979186	0.241487609863519	0.19579746832274	0.234322250736027	0.227166909714522	0.290189008114228	0.238701339655336	0.304778143653225	0.20618574707904	0.223268463510265	0.242283854286116	0.246710297526679	0.182858257898651	0.181964029543503	0.254932425716364	0.245190336958789	0.218368967812921	0.247045884896984	0.249107397165416	0.298215414662722	0.228482458823672	0.223602385669376	0.252523525706856	0.248620495460753	0.291935723209926	0.283236613664471	0.184621129814937	0.220476306910194	0.177153894759034	0.252350469617382	0.266486155543023	0.160897334660934	0.200169523049809	0.259541990786014	0.225178762396043	0.256795336350526	0.233785427421677	0.244620076445081	0.211085082869347	0.223345049911432	0.20563279497179	0.216975131856382	0.239148458614744	0.306367390687795	0.218743706901243	0.275035023563907	0.213800650706746	0.238912290263186	0.236526285204593	0.228623617906339	0.213794426624253	0.236443624548396	0.238252403071485	0.270021714515216	0.222379588664491	0.217825104924557	0.258078889014797	0.186965843249224	0.20188528086385	0.23210325056923	0.292299203129203	0.241200264674849	0.18881448775404	0.225123170044093	0.264635594660322	0.205657478979695	0.223308513166927	0.263400671415126	0.25480844064065	0.260174597299613	0.203129355902298	0.242417250055211	0.224061749298339
0.222813549842212	0.199810223410758	0.240460744641873	0.251073713885644	0.238176084092831	0.21709150750198	0.257243451011118	0.282423146548779	0.195186059266417	0.285146683243455	0.25487586862801	0.283975874870624	0.242540770138428	0.248741470127282	0.270461514130774	0.252926273983354	0.246128632727818	0.21569169341646	0.258678088308977	0.232216629127068	0.210405646697558	0.227159565273256	0.252747946579584	0.248350358215007	0.202075506223241	0.297150838721825	0.263274513797716	0.300370830279383	0.183171237566377	0.221787269801212	0.271488067587293	0.245555163340508	0.242047527899059	0.235359505994499	0.258198105661828	0.2131803016328	0.248389698336636	0.229401908290549	0.23462981738651	0.250000676451518	0.210584995942662	0.252292227553928	0.186185944843552	0.255389928155566	0.252504292623367	0.228076673766748	0.294484271368811	0.260469456410264	0.227326383130438	0.196113719997612	0.290946324836403	0.234503033144243	0.242883836313817	0.297083075533451	0.248689806490601	0.200615526986256	0.218956496101772	0.293931695927661	0.287817233271505	0.263433560883796	0.247293426514601	0.304372482248913	0.219477467066513	0.24640585486399	0.257147412800777	0.244581128032474	0.237227318052489	0.269666904640743	0.190102652355675	0.253188130785975	0.24117631602953	0.283576390733372	0.24727859100622	0.25191486937589	0.272218779785958	0.230211564031399	0.228127994830079	0.129833696787838	0.313428673012573	0.29281417523282	0.296445782387649	0.259638346795376	0.232448738530984	0.234605429512402	0.223139792516711	0.251821883057512	0.23100442840397	0.229659511566044	0.240001044561786	0.220449625510326	0.242438460213996	0.205344482076661	0.219461123376262	0.191366616315088	0.261895855889726	0.252486396321567	0.270696667834241	0.250997185462454	0.276798003861271	0.254939742663176
0.254815690595023	0.266784138110463	0.303006728568429	0.249067226412844	0.24534410190321	0.213303843893146	0.254627981665669	0.236116089637519	0.219623361364308	0.251663529298657	0.237956549068586	0.259223609888307	0.269462329430569	0.209200226976049	0.235591018506445	0.249810843686013	0.234648179986949	0.250037537357988	0.260939100836026	0.208189139106131	0.206350203347848	0.251282056395261	0.219931978921138	0.223115740950119	0.282180743735422	0.246296144635369	0.193910236184565	0.221498337959944	0.247814580263817	0.18444607848912	0.223002824280358	0.269096874638698	0.277636032423565	0.274852334296888	0.230929030096928	0.199597616063954	0.194655744589658	0.252028248544154	0.234362289232401	0.265419073912606	0.268340210649788	0.214923927531448	0.222415728917803	0.244142988490386	0.22060989563648	0.239419751115403	0.211048955222149	0.213869610432283	0.257459636637595	0.210929274656839	0.20116592764528	0.258065004829785	0.200931855958719	0.26192702519468	0.193693557789562	0.24017872469697	0.182835991547661	0.220117828203077	0.161241231244119	0.223002440545413	0.234689134125357	0.227999292227666	0.234910747560683	0.282593253317417	0.260437063950203	0.233968082014591	0.278813200604788	0.267310458395847	0.256624886691827	0.197555775289445	0.25363012916074	0.249822465252231	0.208285800685882	0.2383574816482	0.275006605048543	0.221231382050281	0.213923163912855	0.27580400353986	0.260957721549046	0.259613043490468	0.218101829634492	0.268664028961792	0.233545464324159	0.270326944872087	0.252105763480076	0.194284211201437	0.241172437519382	0.242433878221541	0.251429265056832	0.219837314660081	0.268195533120043	0.223154828482096	0.204218118325487	0.320342556613446	0.278892969479147	0.297523537172522	0.234653808441092	0.234445372883525	0.235857643204659	0.241366963393554
0.234560896707225	0.242653222754874	0.252506511461886	0.288676245616118	0.187547017705455	0.301770056827372	0.210977428099949	0.268849831799665	0.252215333815168	0.234877117559358	0.240266528825878	0.246257992464045	0.264308638064134	0.252276007624918	0.232354708442868	0.186860321362418	0.196943545347662	0.230242182531349	0.23450787361053	0.225116897928831	0.24993666579874	0.233528356527013	0.194977209271651	0.21459571019713	0.248184491126497	0.20427085151108	0.216999763122414	0.216945896686507	0.294849074894728	0.281730197799081	0.203956099103796	0.276762130513665	0.25030923786256	0.174749926580645	0.230826553091075	0.226425413137698	0.235640426844571	0.217643155186394	0.266385288318011	0.300681164605569	0.245775945997707	0.2758015897488	0.182311004428728	0.24506700208173	0.210863963886059	0.303410768648313	0.259456581617889	0.196483202683753	0.275735086130724	0.221003145455747	0.246986898298894	0.267424882536225	0.2503808381545	0.248420476306583	0.242824191745763	0.256638970772078	0.269141638376128	0.200735080276028	0.207084147072322	0.200653152857187	0.263375375949781	0.22637673917361	0.261932803383319	0.224550779107765	0.238736515829585	0.242973254166918	0.237816483018441	0.241587278475987	0.270581585353719	0.280036378171274	0.253808354697751	0.241581278740162	0.282193289780568	0.248106766791318	0.21895461494336	0.250615491891335	0.205723059482534	0.204287023541896	0.254747207505744	0.245030062650016	0.25158908519404	0.328324909596138	0.269416554676732	0.193388264137335	0.23502988711706	0.304617384666467	0.201448662668274	0.192542517588351	0.231896850384165	0.228917489756316	0.238142629135208	0.184444699207947	0.264779889605561	0.320961691618926	0.276239630696465	0.277700515903625	0.230843144322677	0.268270486341707	0.2339472463126	0.198146813657889
0.2082737658018	0.238612489047239	0.278927076621395	0.25691379501534	0.239139156247646	0.272297379994307	0.294484895437489	0.220874553621952	0.239285629363931	0.244153013125738	0.281740740428289	0.272449262874743	0.214108633124352	0.272496355936246	0.256321835946731	0.300090243103791	0.230656212773737	0.232352732366666	0.261815352111239	0.262072976335434	0.238370359177941	0.267700547118874	0.222205744185892	0.246044443499909	0.238234977996407	0.200940191330843	0.281888155348914	0.257341335405661	0.182079356860355	0.271106063121143	0.228130266463927	0.282283903852102	0.239386215683433	0.279024768096564	0.247235789927378	0.204357402455701	0.291370243697572	0.287628134455041	0.186262870914587	0.232777769842904	0.195057537007472	0.19996973841898	0.276450771294586	0.23661383332474	0.207963909529918	0.221111158696991	0.263923082127599	0.20611143410546	0.265029385395259	0.271926697768777	0.259925811828893	0.232437844774748	0.212946177414981	0.235642032694158	0.225543421007705	0.25666178370548	0.220929134730238	0.250626875780392	0.252312411528803	0.222798343673187	0.22002892463618	0.221089180790523	0.292161016402613	0.235837650160451	0.23980057936354	0.225401530184284	0.205668320808053	0.210177863505536	0.205554065825134	0.217294586903741	0.22406653914689	0.240064678526859	0.203838503737238	0.219347450118535	0.257385124108734	0.261640591668756	0.211673279306486	0.255257127341758	0.238255138317829	0.21911409158277	0.191457145500295	0.258423949461975	0.264207409450572	0.22326456731655	0.317304091325591	0.228247268918992	0.218895754464999	0.226550036728933	0.24273706791647	0.251533612451554	0.24136357236653	0.242037547775757	0.280442529858767	0.250837504183333	0.226151190624791	0.230413549038781	0.230662170784143	0.240513411940255	0.256575956704652	0.27397468065947
0.204745133870986	0.248872576411083	0.264339393809397	0.272059701015748	0.244312581691826	0.238856361233538	0.232598966136964	0.259563282996344	0.218727870383874	0.278070961307602	0.261174844323005	0.288823631828662	0.2615426525284	0.264727086562143	0.177487347178371	0.231528627401266	0.241436831594902	0.211659714464835	0.188862298663368	0.240181732313866	0.24406487015535	0.304842272264493	0.262473951799407	0.228149627029346	0.262008218950863	0.325286561677296	0.249926107925248	0.219099172578069	0.208414067228328	0.261066377127116	0.196374741857281	0.237663564125905	0.199375797167528	0.265488317106373	0.185191214439561	0.248521903719179	0.17989357095104	0.23196781452392	0.232009974849946	0.213599257161411	0.21545864802439	0.25750169866407	0.253260542903595	0.192168883078002	0.233251641417	0.223802813990484	0.222290265282199	0.253897975164407	0.193753286578001	0.209119683174138	0.240582404926372	0.188517782699645	0.235503152924828	0.218926983111756	0.260704199994621	0.178097356705643	0.227515172066857	0.241491124216594	0.24818887472289	0.274788075376842	0.23744630298715	0.260888052202603	0.225311482196735	0.181024897342609	0.219799771492124	0.216433359543483	0.257037315665356	0.230474924363183	0.294967776691848	0.23380940537926	0.223314662518493	0.231565163085525	0.193820139856851	0.332153198517243	0.256123829547011	0.191319897114488	0.203825726211305	0.274685610972545	0.155012269475291	0.23609083254776	0.189041125698672	0.198811112530368	0.269309693848418	0.274599155798726	0.248511692354647	0.281794805288393	0.203356262925366	0.268675835653742	0.268270205130792	0.267771039929326	0.262261370212042	0.247069485052962	0.219464170725489	0.268914130583045	0.320753457940761	0.243662047440564	0.237765703184719	0.227509343594741	0.216982408070965	0.22190244596325
0.261461901631854	0.274986531022322	0.263440466388439	0.27396589205077	0.246567777382944	0.265255981630552	0.255148441347896	0.243272801492656	0.246015469980706	0.214431434086815	0.245510804844797	0.208940870392394	0.224039686854267	0.247877206796909	0.264807351357111	0.250901871869265	0.203036765709771	0.230237166880838	0.223236501926531	0.223279773371869	0.232183776100884	0.217739328015311	0.248837450691662	0.251953915072557	0.27751742349365	0.241847167102508	0.25374981831578	0.18130591395025	0.191902334967671	0.278322100515626	0.225116993095029	0.214539228894873	0.24745376969998	0.241107468292289	0.18344931050418	0.214512031616005	0.227866089076222	0.184665899669407	0.235474136600775	0.272892135980621	0.190306332494423	0.230805777867832	0.182889077710851	0.167277480233157	0.24249488314388	0.200107205292083	0.151371842942196	0.210927949731665	0.274059430336091	0.251596697373354	0.227059908683947	0.293461392224744	0.248244555023446	0.226090885943572	0.247209861369943	0.315636080857563	0.228610267880204	0.230327618841891	0.236755461420567	0.222179153724107	0.157476680177454	0.258344014705625	0.320283161421942	0.288975657631608	0.256981099018508	0.249513598455146	0.170780544921942	0.226878853726268	0.177682667057386	0.319882294673764	0.198056215255386	0.306693780060107	0.176298605886336	0.264504967871113	0.244792660798064	0.197596920266248	0.187609725048378	0.197400368363228	0.21538095888667	0.239865148093319	0.270770713170165	0.246297026214092	0.249866397525395	0.174120616651485	0.267937270584059	0.243321928171898	0.247862305465767	0.225783227460747	0.265498970996763	0.188607590357	0.225000134438537	0.244543805078718	0.269371066868218	0.238951533668039	0.258280346101818	0.226004825027776	0.244120133477162	0.238934245391001	0.280747448919824	0.305589659212709
0.265675920812679	0.285121247091557	0.221114233846798	0.255678094351978	0.263644926929994	0.253405241445695	0.20533386834679	0.240834577630711	0.268869832246162	0.248894396481826	0.270170359963436	0.255970218670084	0.211569345910999	0.25219886365039	0.265676093928332	0.245804597771041	0.250885719771882	0.247360826806857	0.230396670138246	0.260965557500647	0.243366169965605	0.210530274861451	0.185254758583191	0.290880954493378	0.274147747859591	0.225934533494652	0.235904313792322	0.253692651987853	0.261914724688139	0.218982299477496	0.221179017243743	0.271967712239305	0.249374842895921	0.240688310007391	0.253856291240125	0.236591562113492	0.22971956878038	0.22058787428793	0.20218377243603	0.201212391338119	0.235587128991265	0.230537280326972	0.268135646441102	0.265975574744685	0.228438850261312	0.293135141547145	0.28448542599489	0.236830820058766	0.224172821648511	0.226880809041992	0.252569180079498	0.193000481997964	0.244216461011077	0.228499459253041	0.269090357187837	0.254811067464816	0.158264975077218	0.228932464483031	0.246070541747931	0.268453746962871	0.220039735937145	0.216899672748516	0.254285850155864	0.225611642092552	0.223139360449729	0.218148996974652	0.23495656586041	0.20345524458173	0.232587058452134	0.221993506337163	0.235366928605864	0.232009220947394	0.255482333256506	0.227542183512134	0.197676639119279	0.251241287001903	0.256905765654826	0.295438660089535	0.288085214632249	0.266046330387623	0.249381759102963	0.241825340031921	0.226098204814578	0.28678130824625	0.246482338695166	0.289439197107942	0.243894741937344	0.25913102938073	0.182108706637957	0.277723238741106	0.256627727522292	0.191477120866712	0.21297328099843	0.217294281887017	0.154418512080676	0.185131273625801	0.197429890726214	0.142494231496346	0.210378996187049	0.240998267786483
0.237469691123179	0.218878162756327	0.24074747741357	0.23326726867403	0.239443566562506	0.225555568486861	0.256881296835407	0.237142284874518	0.231265018696414	0.233168367431533	0.274472894601436	0.240025837524834	0.273887447687472	0.279962976024357	0.214160520846592	0.199106233146503	0.244948974232206	0.230877581823565	0.268657454714747	0.225471452983655	0.226253927712399	0.212495346102501	0.246985899631524	0.242127534582821	0.256437875383255	0.223876292081175	0.284127170804035	0.341211979353287	0.196228736153057	0.204728431778539	0.269638679418117	0.278059857183288	0.261190813335817	0.224065611676526	0.248400188937653	0.289690405130389	0.249503075132804	0.198806971995407	0.249688743132456	0.248488894605616	0.312009168625903	0.265058975897968	0.269947836509398	0.211784835876044	0.253747510653022	0.138502545766327	0.241578443547762	0.26373820107892	0.275153056009174	0.25026905459067	0.319618270695131	0.277218218278728	0.274175003702194	0.266919788436428	0.194845019539074	0.17333945920871	0.28937516631882	0.178589067501601	0.213355437611951	0.26779147432591	0.23254030169102	0.236923029151361	0.208026541672579	0.190536080195759	0.231225413700838	0.213497398766027	0.243901058011057	0.222984738766156	0.261373904206089	0.281143014758031	0.305639746894637	0.240023871601249	0.22926765682391	0.253885478083975	0.234574043091165	0.250856310617723	0.259787028119852	0.228645779505945	0.285944971869245	0.237092387804335	0.224926654016625	0.183740731031142	0.241935466233459	0.265528268808675	0.291237586587993	0.250774049901251	0.259978714227377	0.225749098620815	0.223324820115336	0.314689783786172	0.275393046544199	0.24842020527953	0.234300171814803	0.197562506440652	0.230540222908125	0.26479941278	0.232162992833935	0.27699614220637	0.215149021703752	0.218927564174972
0.289064591560327	0.218596403700757	0.242162505000728	0.2706177899172	0.265640241436708	0.235245839661994	0.233889356311314	0.190393285550312	0.250005036043789	0.2199154244793	0.305112937539528	0.219313004120955	0.230594607178726	0.234399150920795	0.199276678650443	0.282126630382981	0.268004225839145	0.252213791849803	0.219940488074563	0.213701577249517	0.291888343592037	0.208930854692342	0.229439566670201	0.22102318165891	0.189859580889485	0.18195265203741	0.273527958676931	0.251641668716444	0.235444583775121	0.258616763545367	0.278474635411619	0.256155685674099	0.267364954801819	0.215070550212141	0.269230472876993	0.258217132850164	0.249532249373569	0.220503891337097	0.180006594494386	0.197366553164776	0.247252381788466	0.293064938864673	0.218056441949992	0.276838464535551	0.263957798932908	0.244175181457882	0.225299259093332	0.24156355242238	0.200945925977665	0.24080897144856	0.277985764232284	0.209672919151098	0.195509282174145	0.283019139647948	0.209416330609552	0.317464171118946	0.232479329194692	0.277646748943342	0.229570867899436	0.268354101178778	0.289225596356593	0.282617036766855	0.214089171129254	0.224184378138213	0.250405956784623	0.235790418779181	0.204252939352015	0.271973992237667	0.232631107325784	0.268286084155491	0.24167357817629	0.286385155103757	0.219352707010467	0.261681944511604	0.225974733557308	0.238328780189704	0.263859844560628	0.240798774813255	0.226263890138795	0.232720758822087	0.222246996194991	0.287828248472759	0.244247377542804	0.231202064616747	0.210643291884383	0.269451176070003	0.289427763147003	0.260010039485057	0.170254158298319	0.188629896083488	0.242460503998682	0.188583953249617	0.232760084514277	0.240028989754934	0.239681603948338	0.260789825889997	0.264781290343789	0.229746233753572	0.243953365408121	0.241709613599644
0.239418826752004	0.27326382280951	0.257592893766768	0.234693540226014	0.272066450352769	0.219696492557275	0.265340741233776	0.263158097641792	0.268392136026494	0.206246229195204	0.244483221705993	0.268386666265483	0.232994829616456	0.196601962630523	0.26679492273708	0.30897687629536	0.191301314420684	0.246763754685091	0.263272454912115	0.245261417976414	0.285439753795397	0.207951685339405	0.274034041793829	0.230977694380123	0.254131018614357	0.167859138665311	0.226430048745875	0.286007316369413	0.236189045102724	0.190618505427338	0.273119299686176	0.28448636843748	0.268935424342116	0.230597140996415	0.264999382977955	0.24130784212325	0.231439280946121	0.177782149198326	0.276576290272573	0.270380922763189	0.287672491430683	0.237135703915959	0.230992626137593	0.252008210519551	0.275205304930696	0.240194287830384	0.248732672307083	0.210332760886958	0.244406276725107	0.203857827218227	0.296069327622457	0.233182738694154	0.202457911227106	0.220604862198759	0.221285642272434	0.252416689515541	0.257722132025791	0.262025544368796	0.24878359036236	0.278106552359924	0.233809550616776	0.254250062402219	0.257231424875383	0.223171538417266	0.252221559584292	0.246190479999504	0.260422156382639	0.250565874292611	0.230435725614138	0.174862541470774	0.210748608331569	0.204200669985974	0.245448489292963	0.230016892009016	0.261767673740494	0.293270492953314	0.195094143587644	0.244507754902893	0.237179294331385	0.234533110219039	0.256571589692552	0.253219688526593	0.22399072362965	0.218764185270103	0.19614313054428	0.199999012258708	0.242888672390199	0.241190358371185	0.2461401449616	0.253356233126304	0.247668741868838	0.231617621275743	0.208896383510852	0.239148422428889	0.211855522291052	0.241712111934924	0.271850697306927	0.219897509898963	0.225260608544217	0.263237723452511
0.209853993168992	0.291344993329318	0.230045532985607	0.221792372868298	0.233669090236227	0.26334001217193	0.230325467045964	0.223597434087038	0.283184625067615	0.215384030809613	0.237473713339206	0.248035489848057	0.222850219067457	0.244475292844747	0.212081283833361	0.294141367477169	0.232904613193763	0.234219718009363	0.265089287070237	0.271657123147639	0.252533846118771	0.201683974498512	0.195203876584876	0.238360980007036	0.24449147646476	0.255267682798865	0.235899567169689	0.213092998439455	0.231520262146987	0.204053318506731	0.263210249289247	0.228968485180843	0.302019766814794	0.181019304850112	0.264038991387043	0.256155221201516	0.237916003220143	0.229467095139002	0.249032068919813	0.215182495014867	0.204561670110035	0.226879488295534	0.251669417338347	0.223073333627433	0.275139022607817	0.236904363032343	0.246467229057169	0.253167669004403	0.226195735140771	0.216046521139014	0.258914635774129	0.295844978047588	0.264394289108769	0.253251615888195	0.199037127967814	0.231445059987291	0.248638111423248	0.218025164619336	0.262794408908108	0.221632956305029	0.277914863863796	0.203137767633858	0.252827684645856	0.235298953982047	0.202009911009754	0.251369819014458	0.257860859654249	0.215201076432153	0.287904027666029	0.26017382976689	0.245192113674473	0.208113845025672	0.243765856881392	0.214327540114594	0.245125998610729	0.242160368963225	0.244502335792116	0.245807799046855	0.249092986592221	0.191125908698856	0.180730667281886	0.204791474015026	0.23615530936751	0.25455853333754	0.177264402385816	0.19523586317623	0.218555813866798	0.239996038571087	0.285651878014281	0.309374506936734	0.250489576278837	0.245476538238852	0.198859995597678	0.229755379458967	0.268382090351722	0.304926545051863	0.214749641595185	0.232190524237631	0.238219661325813	0.276254663590338
0.178388839793533	0.273688988397638	0.226109196947233	0.220330421028202	0.231228676276133	0.171291465547885	0.235527744993367	0.283272456729026	0.269431049733724	0.245445669239865	0.310832196393669	0.220149413823209	0.235551780093548	0.184092174332601	0.222935114879091	0.23327938638201	0.225070527724026	0.287271627246016	0.242186156664221	0.211051786463749	0.241450248987879	0.211255092247929	0.267714527577104	0.28933820280698	0.233326699986471	0.254325205336563	0.274417984782854	0.215442378782587	0.213208717513401	0.178771760464753	0.231018634566593	0.254610632139588	0.240068045647243	0.230204752072167	0.264993857926843	0.270489252783523	0.226597527016949	0.207572769811133	0.248204906607244	0.197370915916994	0.249080777439693	0.249151663906161	0.287383097325073	0.205699308785848	0.269823600773481	0.249213952099705	0.27636519330194	0.298226334934273	0.228719315423938	0.260935581411955	0.256910290615415	0.223063922460251	0.244375893025296	0.259578135880707	0.246953096677371	0.190532985103294	0.257697524675794	0.215008980001106	0.260362241356959	0.244121390605999	0.258895102779787	0.268307717483175	0.275869445937129	0.305625742727109	0.259827122485647	0.253745013377792	0.16962044627209	0.231651946823332	0.268202726957638	0.270437551321496	0.236756088692229	0.1999216240223	0.210511238208526	0.250858165390753	0.223731965948748	0.24229375631075	0.280941789046607	0.260188844628345	0.298361563237202	0.239678699917994	0.183528958280217	0.230965810250967	0.249207624508695	0.288934546005024	0.211285222405215	0.275981845100402	0.25533690805369	0.255476514851824	0.226695644343112	0.225956165115286	0.178519098033248	0.244867949256318	0.178245046372794	0.249539353342568	0.243040009730057	0.182737906446526	0.299007728012115	0.221169151722209	0.285828811896945	0.227303933591121
0.290797497163087	0.294553261275009	0.171327987695162	0.178327269243493	0.255998544864971	0.245421522511848	0.312947221304185	0.213617847426531	0.279750167123985	0.254251086894961	0.197188331694949	0.286812459292402	0.191463306494178	0.218858201153142	0.23690738959493	0.276461959571987	0.24173523264577	0.25281089410263	0.285738383980882	0.256207850868018	0.226420120358769	0.230537644652753	0.23855420137704	0.243549473985885	0.278631731818955	0.310320106188353	0.245455559150551	0.327114838892481	0.248327376165109	0.268994961428014	0.194041061869329	0.2661525661805	0.207762335672339	0.252315756113727	0.215221308623488	0.206193938429609	0.265679872625617	0.277033183789293	0.221588387692846	0.24178268164637	0.224193916320281	0.155622580159122	0.248230829514525	0.209141923209646	0.201093497365718	0.244054808776398	0.248883867534674	0.301784947637895	0.254517874184353	0.224694664822048	0.287775053880471	0.264879612427452	0.213191529033025	0.279325078877574	0.258368175327844	0.244514766543833	0.184318846744924	0.257485547538806	0.259878947377098	0.24152647740175	0.281936748106266	0.257206131870931	0.247301856840651	0.284261654110905	0.212027839713134	0.218115134911367	0.236562406744542	0.224096636429206	0.20604617466562	0.207651213474839	0.297934975433174	0.250419631086232	0.258748411000659	0.271283200125029	0.239361546171973	0.258793952116215	0.260955937992084	0.296051621183324	0.219613999838327	0.268998314691488	0.268114515293355	0.224788038444563	0.15984498533078	0.226651810548718	0.192748044827046	0.203013655563631	0.250701130231107	0.262658944915247	0.241020880070292	0.287431484986154	0.238672340940876	0.223289067534276	0.227632415208365	0.264129324859857	0.194928923143648	0.24946859291863	0.197477939007145	0.209070039569319	0.245415483867509	0.315963255402608
0.303491465247357	0.217995800897909	0.278314809247507	0.204998045375618	0.211936378233344	0.303942608054297	0.186131145372177	0.204947238760666	0.194836109095419	0.249459554863608	0.25109683474457	0.241553032128536	0.231327734636221	0.280984959150525	0.238639260320392	0.274602507325968	0.209346288180889	0.183971019061441	0.240948330445856	0.239242159807949	0.253422722093687	0.260253020911138	0.205521604697523	0.264258485063301	0.227352451989024	0.256033406223653	0.245733274158384	0.182726867141553	0.23614333267905	0.269041960843319	0.200327660720988	0.228368864778463	0.299205170215592	0.196511234557437	0.255934987042646	0.264201602446244	0.276020385158638	0.263459024539332	0.273118711702449	0.33315339939753	0.192901637381165	0.247929297632427	0.284574034537686	0.228315565994657	0.207952945221551	0.187820273387648	0.243068955030978	0.270735308174587	0.321631593962859	0.268733695527514	0.241778707749582	0.162966534643082	0.228026270670419	0.307803449929071	0.241662074192371	0.190873181027649	0.245994279928426	0.267881688003141	0.262722214211158	0.218255795589628	0.251004404968314	0.253269333825144	0.265115462912499	0.277788991142061	0.221418878697098	0.227136517854495	0.255244983875927	0.256871445399714	0.26311638858447	0.161544422720213	0.22567055172055	0.251405795324671	0.252195090265637	0.242655380587893	0.271153883907807	0.19863518115664	0.273831380749215	0.244230574577368	0.202699358319036	0.215921441777769	0.236301450195232	0.263022699476216	0.261010957864022	0.233349680346409	0.26077460337452	0.228842999164016	0.229272502312606	0.188235665551213	0.23964651198287	0.245820068874274	0.301766904780437	0.224151073724666	0.260392917448645	0.282512831119341	0.234469217654717	0.241093298104055	0.222999041603758	0.224763840021781	0.246887774245344	0.199102438381464
0.261949633787435	0.210031991802457	0.198689534211174	0.272489631765605	0.235420272579016	0.220149503898854	0.275632713557271	0.236965102395944	0.254695551014806	0.246085915297142	0.230999862382036	0.285113503003699	0.231359113326936	0.260286702846418	0.249895088869723	0.236823104146348	0.237132291439369	0.253235810723118	0.294972687242438	0.291856337131949	0.193648550302501	0.266725546589281	0.233840378732141	0.255985981225138	0.269328617474808	0.263840006549642	0.2838836449425	0.277594948505377	0.228692501133422	0.260612498394519	0.223428803330569	0.195641629394301	0.287043908381948	0.288551289029306	0.289778238345088	0.233420912157355	0.25163321463201	0.221543995839211	0.229005914465501	0.268745892230463	0.281760116824482	0.225838306556072	0.238071069364705	0.175428881950498	0.298384027012749	0.199500534725126	0.265140054783161	0.25246193500657	0.217976354069425	0.254876365408726	0.212169768892949	0.239255185773957	0.274326022635355	0.267663788347512	0.226243745866255	0.281756119282369	0.204363933868253	0.25334686395042	0.254690727649581	0.249740863624794	0.217531433791792	0.231835552615191	0.243271633074713	0.222572729788918	0.214628131193332	0.237976128999997	0.182258876709444	0.206839626541584	0.323874293756588	0.228467786587673	0.180044423425455	0.226343352213779	0.31933677937385	0.287961398047331	0.181569505126489	0.252832248783631	0.222603302010539	0.244518976681882	0.271844420475317	0.250350506715227	0.218322795609739	0.245049154404514	0.165337421883442	0.217849475716551	0.256239137231994	0.248186342110915	0.243197137946374	0.179547079118175	0.321631792466642	0.191369172756363	0.191285177029556	0.269143923185624	0.311154713111758	0.221598650814879	0.282369399963726	0.227709347846444	0.214507700652486	0.282282369040058	0.307287243438478	0.222413165393166
0.273446736653905	0.208592354367184	0.271095318549868	0.233292253822543	0.226291957940939	0.217771233862907	0.270585120884564	0.209036703161905	0.21374184547554	0.25939145440457	0.264906141422088	0.236915514301792	0.213979436849837	0.236998644304762	0.287381802999667	0.290682804965481	0.277648129082758	0.21441408773817	0.198711977104529	0.26441014037837	0.322394471281883	0.22980622525579	0.231273902887795	0.302486622297042	0.259874214126965	0.281681662333798	0.23830482072339	0.281516725067963	0.258380770749432	0.235707392616696	0.269324639263915	0.268049358840471	0.256167723821218	0.233815498571255	0.278052412671412	0.261028735134435	0.227868842602283	0.222293994117535	0.223942982278086	0.252055210026575	0.24283763668606	0.258220872617833	0.272969811530345	0.233678074979945	0.26796815162614	0.228660885123926	0.242564370194777	0.304023358386214	0.219984644947472	0.197197939597004	0.214562998737215	0.250727243286855	0.264506250774128	0.230370439265136	0.241689515527613	0.268628120218221	0.234284971822075	0.30638471079968	0.260260997807916	0.186382240595351	0.268020889805694	0.276820904807241	0.206305967133814	0.294795774363332	0.239330683244504	0.259809996518859	0.221790082847477	0.249501720829251	0.29063888235678	0.191996158579428	0.236087114267601	0.258639585149926	0.282350684959337	0.255372870692071	0.278187185513758	0.201387413290039	0.348788276188791	0.251928055964443	0.301399192134857	0.254147987245602	0.294190931851095	0.232412607647716	0.296132670328112	0.221073914471364	0.281091962343224	0.293449586780224	0.270149984355144	0.252128098932764	0.257557737718857	0.324936931933618	0.257800370214387	0.263417777597192	0.224909183339648	0.214786236770614	0.206192288082187	0.231918579181721	0.252692672535678	0.259870499197948	0.236253283852938	0.271610742588143
0.319343408113576	0.227767891074386	0.199459386133291	0.275033711169044	0.28109675786543	0.232763515451072	0.254719769598229	0.236356663486795	0.186767400712144	0.235889097642969	0.309397159080868	0.269049434401006	0.215279389924447	0.207899127845138	0.223363486533579	0.20143990732752	0.257217832993063	0.309370498855593	0.244517917585417	0.294655874004585	0.191434390767063	0.218264107320969	0.246031539167317	0.21568275787561	0.219662791104656	0.201340109349222	0.254283270127838	0.267369803467595	0.26522368258971	0.259323037029032	0.183052224954894	0.21602129985035	0.282306897051487	0.214881269105335	0.210031395262772	0.194315746782561	0.234857187931201	0.2337613099688	0.282462967259027	0.29697731963384	0.245164993584289	0.276759479323283	0.19466667264252	0.253543229338939	0.29251389353867	0.262182486518362	0.267610705093449	0.250309402357908	0.24984220751206	0.216399672274022	0.258607716257583	0.293812514591944	0.229556763904896	0.309272888393402	0.26476376241304	0.24469946285445	0.247310786018371	0.25505258472803	0.270961034803685	0.206827285027844	0.259001795112457	0.27499244930734	0.195280535283765	0.219466892158135	0.311403241008777	0.276137455121402	0.231733580006907	0.243023991381485	0.253852436616818	0.234549997042364	0.234652547913419	0.295966564777511	0.275851846101461	0.319374112342058	0.265902342342266	0.195963766111955	0.226464679178138	0.227573930772096	0.302921196175332	0.275185833012379	0.285296511277201	0.218498540803694	0.246093771445582	0.286607337023622	0.284811746883225	0.239636883459699	0.248789027869442	0.239312098680011	0.273195814732906	0.29299725738286	0.247997966414952	0.2228146031602	0.19587154986437	0.252381289459545	0.256704330773741	0.236894865314134	0.248282430676123	0.249888894580108	0.265451998738285	0.192995369833784
0.245741270156234	0.24793789345842	0.260137435827799	0.295491991966041	0.246869793615346	0.23367970614009	0.307836948778178	0.228079376725108	0.259798798070168	0.244648914716222	0.293930304619081	0.277592616150677	0.247448807079272	0.242480164661795	0.232866276586315	0.227728835289342	0.24867827293575	0.245402379210652	0.242422503453196	0.198098569699222	0.256342305375638	0.264711987983776	0.233181345397227	0.263244560264801	0.215415969968359	0.240170669489403	0.267036062502314	0.265056942198005	0.28667395225624	0.249140839373544	0.287899074729233	0.252202150629729	0.248708492386398	0.273313945314478	0.240880098409152	0.250693030725001	0.250686759569405	0.251322586609083	0.239928174739483	0.217295011621363	0.209252980514538	0.325472568684902	0.263532073065063	0.233639771265526	0.291158795804915	0.252379234750848	0.264464911621108	0.212477535262715	0.258284260509275	0.252480101847873	0.255826047201657	0.210243886291813	0.269576548437975	0.21214137685562	0.251917129192952	0.240326195858569	0.267020061685538	0.27504088835618	0.220138419472341	0.24684743774349	0.253741273407398	0.268713937966093	0.240361827916205	0.198665465706436	0.264888501615295	0.193623927914562	0.245619090733205	0.238012013113746	0.279261077868962	0.222627796530725	0.237335974341894	0.184943324314726	0.236408430071504	0.267681343796199	0.254915754917369	0.261298078981047	0.269655075098623	0.280123163475141	0.27984948341749	0.25657968881391	0.249484064849922	0.239097195983948	0.268488380840256	0.285377382370649	0.323862196865465	0.232396166331983	0.228724781412557	0.241043017057496	0.29892884132693	0.183924560492894	0.261969230169196	0.240860586618025	0.264409564746202	0.240624302740102	0.243710502638739	0.248450850430444	0.25219555980092	0.221426065792153	0.299916455705528	0.283706615085304
0.277734631967185	0.27735747459193	0.248225793337457	0.249581692089856	0.279604823026543	0.284602839064073	0.238591670639424	0.293153998254906	0.21051830662875	0.303619271105592	0.246461826413966	0.247051535042116	0.235463877629922	0.206768278441608	0.23560099262867	0.288884582027497	0.237938391390375	0.260789309188646	0.254678006637145	0.299158488484351	0.279437465812221	0.248753990946531	0.245210468030131	0.266683218787001	0.265273295893173	0.248054028472385	0.22917061910797	0.238862375166778	0.282545422834337	0.289508578874992	0.278071096662786	0.263574204318891	0.253660779225748	0.254317651998787	0.242967696809732	0.26166616446735	0.232442150486595	0.280861869971304	0.232724834793252	0.23630539540586	0.208593446034015	0.273608430984322	0.211592571089056	0.222013524880668	0.262481888872022	0.247601361056298	0.257960154611272	0.217175667169164	0.232879806370897	0.282269727824801	0.234972318181854	0.279745277444184	0.261231564132555	0.267610759721457	0.25625395738934	0.263882023107264	0.20141777000862	0.279473335414005	0.260971515409541	0.252775720574997	0.263362814242692	0.298376050695353	0.304611126423203	0.240517121684137	0.291977132314721	0.281570986900399	0.285057593512936	0.267378072669086	0.274399982928572	0.260169384184904	0.217655918630798	0.206381883687308	0.203831886505895	0.254506954599401	0.248840090847912	0.23544710769176	0.292259045074415	0.233899949674589	0.239144549703018	0.239738847483045	0.291954501340906	0.255238666881801	0.265017957184078	0.214685863512024	0.298145193106062	0.301289437432521	0.246987736805163	0.257548918245973	0.229898360213146	0.160655825464976	0.282437218718861	0.185038135274045	0.234010325600336	0.274772607913488	0.297197536525539	0.283373615479272	0.263945241394641	0.205684274215694	0.218745463765478	0.285159884347824
0.284922665664164	0.260871555805411	0.27321177498767	0.264963765933464	0.259550032233713	0.243693227370309	0.230873179193333	0.262942509077981	0.25172916266179	0.247282553506384	0.241980108885005	0.260245281572502	0.262025007684039	0.29570721314012	0.227971509631666	0.223963467128092	0.254555002227556	0.246775507895787	0.294168844252672	0.229957104983485	0.245819004437764	0.193941417836552	0.220964566440465	0.203692728442553	0.246187620673649	0.265655366720703	0.313611728326435	0.279274261075862	0.247567206706634	0.203665460346904	0.219784195220758	0.275564640588471	0.158043145423346	0.210568648052212	0.216436715159953	0.282609628374251	0.263299025773566	0.256127013374162	0.265942602161161	0.287655955678165	0.263996558128336	0.2396712309971	0.323084660708298	0.236170610013932	0.262863959809743	0.204620487440622	0.219618073304649	0.251581149674313	0.288810438906079	0.254140735587745	0.222879150805185	0.328422592170916	0.258548986499552	0.288069862388533	0.286447793852457	0.339273827258803	0.305284618687592	0.241121067132061	0.261124070751082	0.274586084023752	0.239928887743595	0.310417551447953	0.258263162053587	0.240301389506669	0.268684372654846	0.276675098138383	0.292980211068382	0.259860483027847	0.299325756053922	0.271615500064424	0.233994058896281	0.251792249089878	0.270179056840589	0.262060162473411	0.251675297874258	0.241275498101461	0.233779358785102	0.274608576650952	0.242481627840662	0.281316584435113	0.26935223818963	0.301209051939626	0.202532824072722	0.231999831290154	0.281864732075145	0.268073671834691	0.296833316824852	0.22862376651109	0.259825061808807	0.218355648964177	0.193175863848152	0.241985346605978	0.236456801098821	0.212568989434173	0.177536229446572	0.221972180675033	0.261269248773451	0.293589078546619	0.228607478414512	0.207267308166561
0.276761011480799	0.259162891389562	0.224399247517935	0.289551519363582	0.2412560813011	0.210933024396283	0.275228667005743	0.186357486789028	0.228087284883218	0.28932194548266	0.311456986537834	0.242894005459416	0.268295381774134	0.26205133341746	0.288320020113959	0.263317580251613	0.259486904966433	0.30237153795289	0.210881504396781	0.249251830777431	0.277423883647237	0.266632648247469	0.263002371125359	0.279455335770191	0.256274167428706	0.233643101714822	0.271788062550536	0.316670121780937	0.220254410222962	0.339371199367925	0.221782976188012	0.305729485876922	0.242601841588938	0.237884736710666	0.205551937691497	0.235424671473289	0.248157329611099	0.211753604118121	0.202725618943989	0.274962967505453	0.194256793954797	0.264203426211964	0.251758486724791	0.289497057706138	0.313927022875362	0.223808191374693	0.2690411502128	0.231084160087496	0.270562577721251	0.285393287699122	0.225247798268283	0.232556441338964	0.329358729763904	0.275118391624514	0.293875608472134	0.267624123058679	0.258078028989503	0.254779345520358	0.265559353782852	0.233084067811131	0.247912028012158	0.344611524839647	0.239642658635687	0.28288296325518	0.242326420657088	0.315185967923666	0.270470049760603	0.257743754058655	0.212305154859579	0.251553740462638	0.248610387353944	0.250591597479132	0.231260453981222	0.285352420932478	0.196470542620068	0.274377546868401	0.276237194216142	0.202513319198553	0.276371427890521	0.240390025497934	0.255895470760749	0.234578699408526	0.249730794493829	0.211491226471786	0.269476043767987	0.210735494633157	0.283904464667959	0.278696683480459	0.269708207364593	0.229947048934989	0.304268315883576	0.206206770705676	0.29464600306507	0.237863040463453	0.299255432524338	0.262858352111899	0.277480561835792	0.232148193439239	0.320753301192496	0.262910924329873
0.202757223019171	0.302064884269836	0.280089182503085	0.254664126533231	0.226933246639691	0.251292209345217	0.286021952336949	0.263875596802099	0.242300217731955	0.257563139684194	0.268181137393898	0.214374843229839	0.240296273653756	0.234120775969415	0.226378949523969	0.269622753542158	0.291208891834531	0.26821889795014	0.248808293355873	0.25482736810322	0.249911686816661	0.243005552919396	0.236359632157938	0.240728256350042	0.219364202467367	0.233034784636575	0.271370594896652	0.25049443295392	0.280034419183413	0.215897955147623	0.278129106031017	0.266786641064919	0.296195206942031	0.248532754199133	0.2555409186433	0.274163028834245	0.244562408852687	0.193963202591898	0.26054518567793	0.31134532707228	0.25250087042227	0.261970022832764	0.270784125091754	0.213827755746739	0.251520721973109	0.226120164967927	0.27431714124954	0.251550494269758	0.255817909416839	0.316301151999762	0.237039670797048	0.244354602016337	0.192383927762538	0.30801267652736	0.241491256882541	0.28690025994643	0.255392638928643	0.216134110004751	0.22873479209285	0.226011895093108	0.245126394778345	0.261651797107635	0.263369680269009	0.262691898837359	0.233898602701051	0.271063956533213	0.235821494481574	0.249466823925188	0.274985284562902	0.22343611484417	0.259976572887369	0.22085134463728	0.279145678823991	0.258831929507074	0.222499574744336	0.29208472459571	0.219925041222749	0.242338413552306	0.260273975125933	0.27369596249118	0.241810367879599	0.28250089086647	0.258042114324855	0.245299361041047	0.279869633019386	0.285133219846869	0.279887044313384	0.22609283555225	0.207991022273542	0.288318600330977	0.310458743037673	0.21860023671827	0.258013437319839	0.271992286493682	0.246659838933797	0.230576961676225	0.282225844898216	0.252714189630386	0.240736414748699	0.230381847169735
0.286267575556257	0.212704538191862	0.286312229669053	0.268637174875465	0.238982312532746	0.273026775245425	0.196666979491456	0.226564192723807	0.268416220240434	0.211813460004623	0.276888828795471	0.21578755481054	0.244345998458777	0.273625044654059	0.26686580560383	0.240278324601624	0.301761852761899	0.271137014705492	0.220886992025127	0.272865395604639	0.232119847965826	0.194275215385464	0.24879923027546	0.312598883948387	0.201692885724635	0.276076906682114	0.244449221841093	0.223780250022712	0.296363105943503	0.256650858408935	0.254902778113883	0.274345715593638	0.258132444149547	0.280405659299323	0.279020347551517	0.255347524915144	0.296682048259145	0.230702138187543	0.231109152743116	0.272701882332938	0.233218530572562	0.299490799741415	0.283942085156133	0.205315176641224	0.252667111378801	0.237139223564476	0.268628415875071	0.242314203900203	0.243267538234878	0.25464174504401	0.248082886493539	0.327691190987688	0.321160100817161	0.253364623584307	0.24245330394442	0.249344045963664	0.324667262539337	0.279981458221984	0.288159951799433	0.277971219999801	0.232547921794299	0.252247336680999	0.249787361985818	0.269011493876867	0.246063854398105	0.256921544488121	0.263418519606668	0.272117738341361	0.257471577186282	0.24098001656611	0.284089557224727	0.280372751940556	0.280138466590399	0.25201559158259	0.26975261264999	0.258508752632893	0.252598589127029	0.227268461709844	0.250884165440632	0.219932427352404	0.220188489288645	0.284803606728056	0.281328999051309	0.272674548998697	0.274719690002236	0.235821371775181	0.239647949342477	0.308719667985894	0.257962829193016	0.232533461674513	0.232917699926601	0.257535600210058	0.264409867475861	0.227565238348033	0.249955513380761	0.252808960728163	0.351987036179959	0.262819272006344	0.255973313411715	0.21715811884767
0.255921150697539	0.271292869407458	0.265584090164964	0.256846516654658	0.262181976644399	0.232350920044077	0.264877731108499	0.26377009152497	0.287587237237138	0.296512207248779	0.273170751607195	0.254377917633358	0.237579696837863	0.224836830741927	0.231836647768146	0.268469332052059	0.318857034915224	0.225220540702231	0.208942345818131	0.24110183801982	0.243885512833199	0.279219917366	0.220871259365758	0.257210466606705	0.260029902257715	0.278496622281771	0.272175505567049	0.260128633847879	0.260665196049095	0.264549428074732	0.28759813410904	0.280080514834734	0.233315255916695	0.243491667901559	0.252116947724775	0.247180948807097	0.256578368148499	0.284614213466105	0.21005490815409	0.294562013175777	0.255340273855312	0.303937948455752	0.27982744068195	0.269289553988801	0.206868039791936	0.261172597313307	0.293884108493185	0.293133739700541	0.27163053453454	0.255657570059549	0.325604287470003	0.280548601095782	0.255622455419572	0.235381207987373	0.255369237422319	0.244132301779785	0.267368949248904	0.22438212419925	0.258253849810315	0.221959106784526	0.26606501348038	0.236254702683267	0.331026591006566	0.219290237316291	0.248722311963897	0.291451236709607	0.280346040587305	0.252564917685971	0.182863803029608	0.284779419243929	0.196279097933805	0.24660200775111	0.222724389783377	0.281746111210272	0.32045357999889	0.284950233879334	0.301205681387537	0.245125005431735	0.257508088947511	0.250348442459165	0.283772680431374	0.239062702467681	0.274457211619938	0.236885014695547	0.23510049432008	0.263456909723755	0.172205073029939	0.30913947553469	0.293295178624496	0.294580366640481	0.238257327293145	0.271655837527052	0.241350501100792	0.29968178468469	0.274764129265498	0.201191555294905	0.33034818839644	0.25367546827573	0.27060266664655	0.252878873305191
0.24014865396709	0.222416524942958	0.242827517281924	0.234639357123724	0.284779426629138	0.291601387556121	0.250829586950374	0.254150598812463	0.272235069148462	0.280993132688172	0.268873976451011	0.290675659118795	0.284172648645278	0.245593765338544	0.303483700670434	0.257212237802019	0.264743062201444	0.254728390820406	0.282050600238214	0.313396937512155	0.20786284621289	0.239508011767245	0.245196707448495	0.208838038050237	0.263455507359106	0.27243920726668	0.265424938259434	0.291580543715614	0.263164147774333	0.302243861712815	0.276257038809952	0.259675857544079	0.2401928238725	0.192874012698934	0.272764587128472	0.285802655203578	0.229567033960369	0.258706560432499	0.239511046149927	0.25659993966893	0.282047793429027	0.203893576154428	0.281469370911975	0.312095871150699	0.28887176688068	0.242738852370645	0.290355755555954	0.270212488194065	0.275422421548515	0.166872981842187	0.284462358371227	0.292608192682229	0.261675033508513	0.269379121686082	0.229988073016124	0.266727212176802	0.2673735271695	0.258263046067494	0.295053841892692	0.275378775439082	0.226940796604089	0.297738769793794	0.21990505983597	0.273542435896706	0.211430079987539	0.331202708672912	0.21041390658138	0.291008147707974	0.282838755662874	0.198238321697249	0.316272974837695	0.262886567069096	0.241555718946812	0.261302543258271	0.246897763930005	0.265616563832504	0.243183887302915	0.27895587806805	0.24774959918837	0.276571048229031	0.295211126441225	0.290296559267328	0.23862862708455	0.290158640459184	0.237291596904235	0.23292342895825	0.246668513415359	0.272724103653838	0.276418440653343	0.243133831520197	0.278660544197852	0.234215944861111	0.284874302057562	0.266532971566641	0.217975499092003	0.22171701698867	0.264364132628663	0.293158937454847	0.249061464223281	0.282029879018177
0.221768100272315	0.256166288654976	0.239688263288787	0.271934088338912	0.253611429790715	0.259959072697927	0.25310747155265	0.326086066358282	0.267359577646566	0.242545824636818	0.283163905778338	0.284327297287392	0.219570284096307	0.2726486601771	0.285657111943972	0.304389642549167	0.31340069245407	0.28301907946469	0.224068023775004	0.249884740078949	0.307715746267831	0.300484344335163	0.244151191384293	0.271803814034224	0.255483440673248	0.233386844104227	0.263715487274589	0.245047738416199	0.205563417893765	0.258264395294488	0.272158497086105	0.210920892741705	0.257220994992899	0.367073450586532	0.260825079136244	0.219889709166027	0.274903673540279	0.283818524726038	0.278746907000156	0.245923517734879	0.281222713159684	0.237299313047095	0.293762191719777	0.302264072509678	0.247205188838957	0.268865638678355	0.242235804045181	0.244786867532207	0.266362956191487	0.253110430798903	0.259909967766786	0.225113576515566	0.278103513323525	0.22519210158398	0.289565756086502	0.279051478774239	0.268263169079322	0.245187529557774	0.29987377128758	0.2741699800767	0.226687177212223	0.269000281919016	0.271959989197109	0.252964887856743	0.327382739280747	0.235775851344272	0.285845333930403	0.243808156750832	0.321301402595729	0.328248127975028	0.246876372639343	0.275721619525861	0.266145173665955	0.238524835162232	0.306875103745104	0.31040436526525	0.296698294058775	0.258645691410936	0.187196883926624	0.261382731786632	0.235598265104307	0.218004658657804	0.211695991835334	0.244692824384005	0.26758618078721	0.282585110866758	0.298004621989252	0.22421773491695	0.253050328285206	0.301114248172533	0.190302208515035	0.30501374049352	0.235321663260197	0.253127300161878	0.299189125375371	0.245208956996965	0.281562903472562	0.24908645842645	0.226366790110354	0.229811037177221
0.279867389276893	0.219734413909686	0.291479736845665	0.217019542988371	0.18856321031144	0.288651063629584	0.262534002179885	0.302917370578582	0.270014645831509	0.315374623460222	0.27059333450468	0.234093906615316	0.239005290052717	0.281703274329284	0.213583976573124	0.270748928135808	0.269403987266929	0.275828595801146	0.300543803664932	0.240540095387399	0.231451443430336	0.232712079941427	0.296680398227326	0.269160816451598	0.293975211102244	0.251127210322041	0.318310596281549	0.255561727405902	0.31924245191513	0.280790339563676	0.252475380554897	0.265364357954839	0.240873942305676	0.287660632584167	0.241440831738024	0.258596788934863	0.326894665624132	0.275590589469554	0.251064925956192	0.235083831323916	0.229273214902782	0.255321292432883	0.223920130647741	0.291347839446779	0.242645865420853	0.258518686628162	0.229046207410164	0.267739390457774	0.213903859270525	0.252811730995178	0.232430039457263	0.250901779310895	0.237071115188846	0.24493916541434	0.241080146613743	0.236258891306714	0.316922987213417	0.181584391746825	0.253574779705557	0.255384749773615	0.271405653971491	0.247654676398232	0.273042586349165	0.304934009389532	0.323889200439275	0.25697677304398	0.225440359887359	0.250321423344798	0.276437919080682	0.260884805209214	0.230706817634228	0.294160543135808	0.280443737591299	0.265524054696103	0.243824196030724	0.277011490361946	0.231568286048644	0.208832116944241	0.195961684817361	0.256373682006583	0.256566736658839	0.27916790945771	0.21077970919869	0.288295264779148	0.200020224698189	0.202470124659972	0.314004549411815	0.284878292789625	0.25984538904624	0.293891870692107	0.302564809625004	0.24823677865106	0.238689041415663	0.296210498294668	0.251471877912014	0.220253523414944	0.318451753327514	0.21334841614974	0.263309516985725	0.248714129056561
0.223358312814992	0.218314643390121	0.272502075267592	0.275584896600022	0.277077045800555	0.291835730962849	0.277905548020824	0.297746772332254	0.260392532919917	0.248795198015668	0.242067270947962	0.242495210290385	0.261244165844777	0.23359907726876	0.240086724978563	0.285123782456407	0.263845581952073	0.249725593037191	0.261852715814107	0.274394990625214	0.261782681740401	0.273945619527626	0.276780504875756	0.284719511587476	0.226729530484815	0.236583509900102	0.334636520416061	0.277141341981422	0.2812295073535	0.252593957385495	0.274359365760051	0.287646980460598	0.289003208582327	0.274109973506798	0.251299161991658	0.290268788270393	0.248588213169523	0.278889611144245	0.301095128847456	0.220520147888556	0.210130545590769	0.252260359904425	0.304363146399051	0.253500887425952	0.276736003806513	0.236257188882903	0.230992430547616	0.306080153843477	0.241503870973058	0.308974206326868	0.281896343202767	0.235731169853373	0.312213756439761	0.266351853163022	0.27474637120507	0.258798808602661	0.274523524025639	0.286665576363674	0.283975219957412	0.249315084725379	0.266554277815487	0.296616428830051	0.256948541876168	0.27864248115086	0.276510453634323	0.261758623696303	0.300856974876653	0.242917215978995	0.258132966952192	0.27714341956491	0.209523282554757	0.302409324307808	0.298098769015333	0.224900149764939	0.270938035270225	0.274071988727933	0.302524479292265	0.235845563210773	0.247843258238855	0.249861940814213	0.264603625891969	0.211945577457481	0.297467944821296	0.272827218148206	0.256176970937648	0.254466656562978	0.220959899932287	0.234831543682403	0.281729051944005	0.311151280013856	0.26070835380235	0.266282917165953	0.304582792543367	0.263407492759286	0.318515176477192	0.293496007429486	0.247375549499794	0.26066299533693	0.284690171298265	0.281652887268862
0.295193078337662	0.272892989679305	0.307513401943604	0.249585834408848	0.293717758279435	0.286797493638212	0.301916267926875	0.236841519554692	0.316697122272625	0.217657548822046	0.241064054481009	0.27432613549989	0.276632383943283	0.252631830401102	0.312312038608774	0.252056347603238	0.284325369381805	0.25208756791949	0.275691058488449	0.260891786181898	0.295171621916841	0.265793892642702	0.297562671330202	0.305543208757534	0.249559506474562	0.269850276665151	0.263884903968106	0.291657152699523	0.279453247481532	0.212955872665771	0.267727850598907	0.210948270268228	0.274782832452569	0.282311809639832	0.260490903291558	0.244295131445309	0.259924893944764	0.300402695980812	0.301038918338102	0.255226123038771	0.300084400133283	0.277729145878538	0.21839431986694	0.285983564390546	0.282428305183664	0.23900857227624	0.330235357004931	0.25786439497096	0.243194410570309	0.266971544905937	0.256359449828147	0.325444749409834	0.292520542476423	0.271980289284821	0.265834917770787	0.311123962866478	0.286095375894521	0.28311099113277	0.296881615525885	0.315768151005905	0.332129469315187	0.301128402619816	0.255489506908918	0.318611811951449	0.253046446902271	0.257259807728209	0.232430765093525	0.303816461076453	0.268453417800025	0.295319515976925	0.316709612314616	0.287179318165932	0.272042956698454	0.300306681305931	0.259638149797388	0.245006877236365	0.256197038559384	0.308573938925283	0.261211723856658	0.274422039703508	0.258956869128663	0.291020380590192	0.279920295965256	0.291763340764564	0.29147850922376	0.231980976124291	0.270853210180271	0.315560464845095	0.227963197983916	0.283140602512744	0.22304621108067	0.272942713427737	0.302922547626054	0.249774595579919	0.355743937704985	0.297355856867376	0.223107573698708	0.25460147676883	0.240410919858223	0.289784953886536
0.253053396258397	0.301447166185963	0.294988832372392	0.248615968059435	0.269325951743701	0.266257598798253	0.277522677270924	0.258855718544266	0.303019730092452	0.264369352692999	0.284564075062787	0.286814316706826	0.27712617674837	0.255193724026148	0.219639173273449	0.252700758582903	0.234190116874818	0.249458627601355	0.291219746755969	0.302505589299909	0.243868911924902	0.259530870203653	0.253562043103251	0.316609981788188	0.250549236190446	0.305667149533777	0.32605567411412	0.251944349222386	0.259901790251675	0.266512467192419	0.282457241249465	0.272454923491566	0.266705780615931	0.273771368842172	0.264021651237699	0.29306106387964	0.253307601990166	0.247624772146981	0.298258254973624	0.284450902020341	0.304570832868285	0.305051988559204	0.302888383065984	0.291344091616109	0.310804924867613	0.244906174807201	0.297468299671094	0.271144788363002	0.250576320965489	0.28045457825625	0.255916711925411	0.267071594622899	0.230436192657696	0.290280235976118	0.274318309918777	0.264123590776774	0.332775827062479	0.266868063612488	0.232447105012102	0.261807565208972	0.273989035585996	0.267257590903864	0.252908805572986	0.294361861403912	0.219905289592519	0.280387983063446	0.280883035028475	0.232127692195552	0.249853515075002	0.315079324061937	0.349883625606436	0.252909800661692	0.277400775756336	0.29309289329522	0.225120719441442	0.268065511265636	0.301816447945775	0.222008518127667	0.250505986498662	0.313919836485388	0.266357224037137	0.278815465369032	0.294367893216536	0.261307222697588	0.2289316214435	0.270083670127627	0.264546541665154	0.303773843084958	0.277786861826784	0.314586112944604	0.254055436941659	0.314272212798751	0.234945762967176	0.332420914898995	0.266078759007318	0.287688329013442	0.269221100082073	0.213898304837508	0.279625935159981	0.287807296992546
0.264908642864555	0.30023728801214	0.247760036651227	0.207276311415147	0.230042379845606	0.248671474041246	0.242013326325089	0.280860269630241	0.201399112854983	0.29676824502825	0.262656769842414	0.230489989099266	0.329321459822475	0.313753262960905	0.272517967253135	0.244848290216503	0.266123246250368	0.235454622691537	0.28263625871069	0.232947732848214	0.28545916424057	0.291614001491647	0.305964221068256	0.25372672936319	0.238196846409197	0.25880098426765	0.287634311337174	0.292396040809569	0.212676371785377	0.216975107531898	0.314572320822033	0.281688144079839	0.317263722468051	0.285034860456601	0.269770641806993	0.28347618579305	0.300425872658385	0.270670164124392	0.250316881450076	0.30235078240628	0.259954543887022	0.291642304275101	0.286453618363216	0.249162334568196	0.28319071583483	0.276261712326151	0.310903809080383	0.248227257021581	0.273282907829378	0.289368380701649	0.274095378477661	0.2590583679446	0.293816642554043	0.288641543264168	0.2797025921263	0.30191637740285	0.293431992560882	0.254890663846858	0.273032555045249	0.279354331474858	0.229524862328231	0.268126623229365	0.265401241821845	0.24786231979274	0.246197306013111	0.29670188031031	0.269250503784917	0.260395959917752	0.330797929366531	0.274204055795538	0.26142361865102	0.288807652861944	0.302762420491598	0.291092642829372	0.251679803989358	0.351836133829332	0.277489835593079	0.244320001829872	0.202165564462112	0.301277504496334	0.262264171587501	0.263508719569087	0.260814468249895	0.280915501657936	0.237250828088756	0.267552682682309	0.236582776067208	0.282363525194634	0.228331162890977	0.26445374278071	0.261092456784607	0.270611086592349	0.231816989243878	0.277599481175458	0.237151567257444	0.28969531469839	0.237755888838021	0.293541026097948	0.254281011119592	0.293287274589039
0.277797706415845	0.314589762869037	0.232233751983808	0.241637559432758	0.266591760778435	0.296338638859593	0.290934903603267	0.267735799095536	0.246488625679505	0.26463150161812	0.248172723122511	0.242067825696269	0.309116162907091	0.237702118866782	0.265305682616785	0.259708931821997	0.246386633271701	0.288303355503722	0.269166678358801	0.26519275826377	0.216362571881683	0.26625144557045	0.238958738506657	0.30088943006145	0.264160281683338	0.298741753552907	0.28680301583257	0.270133029961899	0.315447132743992	0.229988096253658	0.268984545423303	0.283974375762003	0.279204600604059	0.317684689378019	0.289343953891341	0.277147325995103	0.257970602704194	0.255828966062827	0.270272188293126	0.304128895323842	0.286978563485642	0.25345532065446	0.239409943452214	0.245485702277242	0.237131453628954	0.249951674523862	0.28157758742105	0.296516491049191	0.287452995867438	0.290729720206803	0.255440769450779	0.238111749619738	0.221314959747015	0.274605776786178	0.348006756129762	0.236018527873978	0.265415305318628	0.272301840927293	0.311350556661938	0.283472620472608	0.271657843008841	0.233800070323292	0.290029027559594	0.259282324438286	0.254580771270541	0.283208685161453	0.265701481752959	0.249602119391582	0.256121950363364	0.27359881759802	0.311301718022942	0.280467945935381	0.219683794279518	0.287853655494546	0.232902909058244	0.255232946484933	0.278928350347546	0.312455884234058	0.261482556147143	0.270670858937727	0.255777215665026	0.280674593677052	0.265259568401196	0.284613252381503	0.267824874488711	0.259587285216274	0.256089831009326	0.279931395214198	0.243639330082206	0.264354580680983	0.272717195660271	0.296859585069601	0.25596343301017	0.289306023119748	0.293982625741697	0.284608176540462	0.273249964114657	0.286074967567293	0.298713088954262	0.218650190402632
0.256694565217907	0.254840325334006	0.257360332832804	0.268805998408079	0.335149711314392	0.318573808555068	0.230158908700815	0.293458868510817	0.282079859230338	0.244323664513606	0.290118546963526	0.270943519552574	0.321285124761457	0.294377024000101	0.338846466384246	0.270312038974651	0.198651702206524	0.265464026080194	0.359701501715791	0.276794081645146	0.27189466556022	0.241686949466687	0.27981869834405	0.240668485486134	0.305468493219719	0.299093856756845	0.253139441544354	0.304602626470632	0.277222535556009	0.255309203957309	0.300065451305734	0.306601733058655	0.256475228104743	0.268538890765074	0.257376951726297	0.283056618015845	0.278277218687843	0.242494577154851	0.303864456942865	0.307646597207545	0.278146744936059	0.224926209512716	0.297373912131005	0.273945839515378	0.296197113567071	0.32311756588531	0.28738544456362	0.31739743202044	0.232453683586407	0.268609340482213	0.260715050434947	0.259350461550401	0.242896060225766	0.259435770738225	0.289193896376024	0.272192197360798	0.261678959467594	0.289891740993477	0.299308002289497	0.287084534797764	0.280132755275362	0.30227267837792	0.260276549807262	0.25649266798518	0.232096601530661	0.280474115918616	0.272907219461806	0.263830329324792	0.249514440707849	0.212877925242207	0.309092487361175	0.245202899597607	0.281052911422437	0.269739874482074	0.227721980888348	0.229576541226441	0.23621826037999	0.247142326868478	0.341923964010261	0.242773301376362	0.271836755577298	0.24133574005593	0.306740439575718	0.256175662166762	0.322674679836303	0.274055878002659	0.280530112962309	0.297164015603298	0.234120042455253	0.284850185626457	0.319604177521173	0.270516303450433	0.266264300442658	0.263389425107736	0.285400490047677	0.232135546007422	0.300676798800114	0.273317704315905	0.254450808392679	0.239703738661855
0.25750898050557	0.294276622344226	0.275535151464191	0.26546736212639	0.241237275210674	0.282194423428559	0.249930065013008	0.237764591972014	0.299780303127271	0.260338909255729	0.292933958241064	0.242923320921782	0.254953301776382	0.295477161622385	0.259413275608913	0.253191629614145	0.266627563796289	0.295805506590935	0.241757197112593	0.239140570890047	0.260284275573541	0.266994982623594	0.234777862021598	0.266153278964872	0.290136251045566	0.279879038578273	0.314885061185646	0.252563607291904	0.285036862796632	0.267004256612892	0.231358764181035	0.302710754417442	0.306655328146118	0.306984431596212	0.277145627121577	0.288432229574069	0.251005325245513	0.312617793150945	0.306164115805751	0.264935322936786	0.264691730373286	0.326911363559753	0.289044895445106	0.282087974747273	0.283244185159993	0.286284770147576	0.238493464881929	0.229718036790369	0.247967161892845	0.269811879848884	0.271430975124609	0.305873623639687	0.277733707386479	0.234335910428807	0.319794586485506	0.285558241085806	0.299317101479215	0.277688988036745	0.309892425843115	0.28493812879207	0.249363739388796	0.306544437600876	0.237418157355273	0.279186955548413	0.281393384794432	0.28629691201855	0.305475594976017	0.233152691007469	0.241769407318706	0.263976751904908	0.272697217417682	0.265737975596248	0.272357406431497	0.3148081120952	0.235598575059332	0.270822585691212	0.287084142807044	0.341882612589912	0.29280314170876	0.258337419209352	0.236646717609878	0.321506521753339	0.241902094931001	0.256142060195558	0.237321802196336	0.202943972697788	0.27480873685427	0.293703370976731	0.286980838380808	0.246121261888159	0.310193374243793	0.237628655574867	0.260098850735024	0.303233040409669	0.31879953179855	0.21355083032976	0.327192790684245	0.287031903784919	0.301193773772787	0.31059622939828
0.270288558961257	0.284719337961897	0.299524341927424	0.307476262146958	0.297075308582972	0.261693633967376	0.27389882069693	0.303872770342765	0.256667706840591	0.279470128814853	0.294537433378948	0.296355134120453	0.314538345713697	0.263295070099807	0.286716003937979	0.221259740965569	0.275663988778118	0.285999694086819	0.30058086513102	0.304997454186361	0.295556545494133	0.324959950913631	0.307229644154768	0.279607585723508	0.272033899671594	0.239739498637949	0.312950834409493	0.2865667811081	0.275951282765801	0.23831823329178	0.248379802871147	0.275840129951078	0.275718042447192	0.237999139800985	0.308426654522157	0.278578206217262	0.272627196067569	0.247361167475445	0.280834156904291	0.327203833347243	0.268241810164375	0.328689227565282	0.307478778177159	0.287859492984998	0.276063549757887	0.251628677509126	0.309987621017571	0.275915560326442	0.288333657152711	0.262871937187676	0.310214052257696	0.280060060987997	0.254511233808056	0.304031125907085	0.279568462463643	0.231878577957542	0.239620479354937	0.263466698551039	0.23772008972716	0.238335089903132	0.269629089389458	0.287783415044038	0.269985616099174	0.284004167926966	0.255380665761073	0.307013105458449	0.319833469420663	0.297113050773912	0.280295509813118	0.273973742986623	0.2667740358275	0.28361571065406	0.297568831594881	0.330053040170396	0.306113459295057	0.28438639793119	0.259238435372735	0.334617317693277	0.257546843750556	0.286249408979071	0.293468637242114	0.312939149472908	0.318761624258498	0.316271379707555	0.313173019611619	0.259442027468512	0.280298539080888	0.267132107309388	0.310366026372272	0.251194814436505	0.34723719122045	0.257773733915703	0.23010953226213	0.279780028147183	0.293329406295646	0.302736609882455	0.267886288981069	0.236954837478652	0.265805427153957	0.222536139129884
0.28977720509582	0.292088779625758	0.276213000582066	0.29268418677689	0.313086555071217	0.306673896826618	0.3021407024081	0.293273018473169	0.286689373334416	0.279494778602817	0.24365381763064	0.282655823248266	0.27773839575587	0.268451497183767	0.284822832572917	0.254846897167803	0.245434860796229	0.291802807179795	0.299752303945421	0.273856123017591	0.311363745028548	0.269068970711318	0.294613702188463	0.324563191230858	0.312729457280433	0.259927389769011	0.283716900854081	0.275838522417654	0.252603730983059	0.262165846250103	0.253614998904118	0.285476291823408	0.263189680018984	0.203583732054993	0.254398052499197	0.252684747603478	0.292181571717199	0.283562929813043	0.26657760006464	0.252800083645988	0.273129816593727	0.3202815641704	0.28658266711384	0.248350064511332	0.286179518200565	0.294219124788623	0.298654110823073	0.265354252291958	0.261939293948314	0.286912200632403	0.283501265831729	0.260749479980229	0.284336731952334	0.27125064350677	0.326337920371662	0.316384729913861	0.275871297137141	0.284654615807034	0.32610690062963	0.268924181875341	0.237607562794926	0.28209345555054	0.324083712444425	0.304931733229234	0.273103617915656	0.23938711739758	0.285939594394753	0.322088506690494	0.279744351459871	0.27408962049794	0.270968298984578	0.292092474817688	0.298790681688788	0.270910616866307	0.297915470786442	0.271771477577843	0.265814072916415	0.261338749810807	0.257127259443766	0.246758399282864	0.260514071561207	0.277405618488726	0.266802986166762	0.279294842313858	0.301516472635198	0.296093615071522	0.232903677883774	0.331122992149649	0.253922351163554	0.278070341112165	0.285442733829073	0.264212353441317	0.263860172718385	0.29355968529085	0.238164119672915	0.228629059324648	0.302627363215763	0.258319413899862	0.262147338830634	0.285481797808321
0.270303646428405	0.249377108131069	0.286927221011525	0.290416900375098	0.270364561142502	0.277326639464443	0.276642520946251	0.282533854719253	0.268367413370849	0.298144080505165	0.274527658921165	0.214237705842376	0.286824333745892	0.296433639178409	0.297424732858094	0.310655713352124	0.250392051571421	0.220168385650351	0.239016382742221	0.240880120779879	0.271195842096904	0.314815961591248	0.295863097855455	0.250514650525348	0.287777063197035	0.267629856735662	0.298124332951415	0.333143916451433	0.244988007986979	0.262417878952948	0.346677568361593	0.251235322490457	0.278321739200942	0.285904626106278	0.335250720632698	0.300023745640681	0.284599315698425	0.234765397993093	0.261358206455446	0.283042798290385	0.279328857457496	0.273698716628171	0.263461376763601	0.244569110946797	0.231326694754671	0.244478731492023	0.266069222896737	0.302048060093916	0.295355248554123	0.265634839020922	0.268040447957986	0.26968723608057	0.256850642242741	0.236644569761846	0.236766963935386	0.24940874818594	0.283286270779949	0.282232532221171	0.299265342968438	0.277117576037462	0.311553783793225	0.245924236863083	0.318613382933539	0.262644119873453	0.309794925691201	0.301796369628063	0.269140571352166	0.281427306793906	0.307499488758123	0.26897901259361	0.273252260697098	0.23827824183238	0.2866033366904	0.281627636434087	0.266002670044656	0.262503162370059	0.282145038625603	0.260540128095879	0.227579694679364	0.271758597704152	0.228866874560766	0.266165677726777	0.257353116796111	0.279615693371307	0.31191637268714	0.252107019226043	0.291424228388507	0.286676910288488	0.274066816829802	0.235108615307678	0.278637643218961	0.270372596734689	0.302165574085752	0.284404655493937	0.276237590513346	0.292189671032661	0.314043194060175	0.284467357167501	0.260322521152034	0.29233525116415
0.228506469936094	0.332853327389615	0.236571584639031	0.251667135450447	0.313979684527008	0.272744779362914	0.300273138775763	0.238273280549816	0.28329250582978	0.270148032104973	0.317918069258846	0.351492152252842	0.324183150439669	0.2645854632778	0.294741848059814	0.285869588234863	0.271091181641416	0.299350790882476	0.327733164347742	0.302425054145604	0.258009453804316	0.318173255626978	0.270626042086064	0.294685359414189	0.24211863540537	0.270123656139046	0.265358278708489	0.260239456716715	0.276299553068579	0.296510616103785	0.238467725328322	0.256868683772717	0.322893368779199	0.279153411949875	0.229520354722081	0.303369688380899	0.298482685412967	0.298777002597403	0.256689810367916	0.330467706075916	0.298422154936744	0.217218064759634	0.260247350180088	0.274962434938328	0.237998409094709	0.304620777242762	0.298586681111629	0.270014696709089	0.256862229272785	0.252343319162903	0.306083062289446	0.274279814715612	0.258310064424764	0.216659456331824	0.288779527723196	0.28630285061452	0.320138696015936	0.301004009863298	0.341661152904066	0.290526825604933	0.291863918159379	0.263850845281891	0.293554762880396	0.316785766641254	0.256959093085961	0.277132694116694	0.323201162490346	0.318315362326935	0.25018744542557	0.227712763787816	0.278457455216555	0.231460023571593	0.254008362363761	0.293073476557276	0.284213759838211	0.306080438616032	0.2833311521938	0.257728184164544	0.257706427998838	0.29777194333452	0.319390791525515	0.293743975986578	0.263383158359016	0.283575580749098	0.278288770162152	0.313242889402472	0.254111586187794	0.289494917623171	0.267530455376703	0.314613133783342	0.279289475118976	0.231842356528574	0.282797966917291	0.283446434256406	0.294187892661921	0.254264189287675	0.26512938789955	0.237657350012913	0.254866988741266	0.287533627062735
0.272506448589784	0.302200065963469	0.268526586968432	0.331771123227743	0.306743173238624	0.295176980610252	0.24975183726311	0.285171721049793	0.30216430101053	0.268437319172421	0.262929218018575	0.299735671931856	0.248963712047816	0.252503598381425	0.268917397915002	0.271230394949951	0.283176011846498	0.296461613984035	0.263853351154901	0.2304210674657	0.24477795977051	0.253215326698948	0.278476549025506	0.207401419365814	0.273820706096623	0.294223674291255	0.287029244194859	0.276950777805177	0.309911032777249	0.280294344169655	0.296025622250583	0.325873970462521	0.258690739371167	0.247428898359464	0.296222106013628	0.225240613700206	0.307549634197983	0.282730650968205	0.29357733317558	0.254935339390266	0.296600705790818	0.271912443210351	0.280619032634954	0.277145987273856	0.260959696186667	0.329144633173294	0.265828644840992	0.274373756436599	0.309856027593265	0.271041903475702	0.310934486062264	0.269950626582586	0.325216464017196	0.283494220600802	0.23351498937375	0.292128937235115	0.296922165545152	0.270988423251642	0.269757119849206	0.312239524813535	0.271841755192756	0.287926377733746	0.285577606721344	0.270508614645949	0.225534233618892	0.308996468441464	0.320948201442931	0.275267012287168	0.308778632474349	0.257963320752173	0.257599207103009	0.265174894293038	0.247903425756397	0.314028847224048	0.267827326668729	0.283635003625808	0.295396597665798	0.280609794490042	0.279882230364462	0.268327132682467	0.219851281285467	0.277360137021593	0.232875815613771	0.299997515062206	0.246267372139001	0.261211641131564	0.309199371475984	0.279376422062334	0.222916602849585	0.248620640328708	0.250676201605629	0.26933265790914	0.308908364312763	0.309238728409248	0.322707048489616	0.285757559572736	0.305260668151279	0.286031139736811	0.266041518957823	0.266458528355974
0.279744545513746	0.278412334595169	0.25845442582897	0.292131917637753	0.307194586862356	0.267216781056038	0.288647388965576	0.285145820883317	0.266383485037357	0.278977047445883	0.299128925986484	0.318896537762811	0.24289654557059	0.322741525703087	0.263598653495641	0.339553108480371	0.307537179602095	0.280032519886291	0.274489646193819	0.260254557086449	0.269148908660501	0.298012046833845	0.244024473367665	0.306591253733476	0.291524243288348	0.271021517991634	0.267976426065034	0.26429749882284	0.26013595314826	0.243038163271686	0.293476719604668	0.240685150264018	0.267830849723592	0.284126136097093	0.282794429615083	0.299051310355517	0.235652815136955	0.295501367353722	0.308357972697028	0.260827265425419	0.258360536613148	0.30309263160123	0.282612136687356	0.258789793781659	0.281699903426614	0.273258630640702	0.266321159359005	0.266407838645608	0.251209292189171	0.329803770527652	0.304168127582952	0.287358827901281	0.268643108214696	0.266982015352415	0.29558995035562	0.290970918197914	0.32540965094999	0.232937716738563	0.282127047797736	0.258539092898466	0.308783251340342	0.296966340981722	0.299108952992654	0.284563367252619	0.28538085808493	0.292982218064459	0.335354837265458	0.276302685732013	0.29912137522303	0.259880710051034	0.239004225004526	0.272698130077131	0.287763358384203	0.238091904130479	0.275099952727828	0.251910182742635	0.289531932662447	0.286964971357368	0.316923300830242	0.294713070730551	0.256018382885043	0.257356420726916	0.297215414553241	0.256746872236116	0.275619756007743	0.259533760391918	0.283714302195407	0.352444394710521	0.297700181263257	0.28185171368085	0.28951397645707	0.323322561135654	0.276694017787945	0.312178192417107	0.326649555989165	0.264252864466439	0.252840971251075	0.341465231835222	0.356151761677099	0.272962803429485
0.278823512914431	0.281073349458849	0.276797029503721	0.247798311650749	0.306621314605522	0.279584072629225	0.302474006905444	0.26716878153563	0.291965794214603	0.344598844926781	0.290804979324912	0.319732520811084	0.268510929699027	0.293100029930051	0.266027077016679	0.311079937602511	0.333120263667643	0.323431910256636	0.286342533401259	0.321509314684274	0.313100543206989	0.268324690041221	0.279659239452097	0.234783039765479	0.254506239851642	0.307143797271338	0.266640126399147	0.284619050409922	0.272336120868255	0.292483710571793	0.254118870865855	0.270311523957317	0.27793362487195	0.262785547871097	0.293984136850491	0.298273478218943	0.31483884846624	0.247108338025394	0.277832025984419	0.289267672846569	0.27330067409683	0.308168585225408	0.300955601886372	0.259715972069625	0.283501952299551	0.322379579937913	0.292079922518978	0.225960543398762	0.265640828582654	0.310887508593036	0.265896642994445	0.334509120883473	0.25987164544556	0.262011801890722	0.253247040005607	0.284929943126702	0.236274970519644	0.368989440560974	0.240091389650247	0.274274078210045	0.334045034368093	0.276038058282851	0.22754489221867	0.321988780644449	0.254988698242818	0.245489238724453	0.263905714207747	0.304249413818399	0.21558744829242	0.228318314341496	0.28306128313627	0.296764116081176	0.257799620308412	0.216867611299914	0.303859881732362	0.257344644121127	0.273684443603116	0.29661963911813	0.32852461798551	0.279829219597148	0.259541682448398	0.287483902013077	0.276036836275922	0.254601084093434	0.310463628247606	0.298603221618554	0.244416695902897	0.250821780412644	0.269822947618661	0.305296915868157	0.265773648438947	0.300045661363889	0.277807709989231	0.326568057777326	0.296571782899308	0.220327103650089	0.268104319201549	0.307620398440985	0.232830357831664	0.270645751388023
0.255102305922774	0.269536858372761	0.303678264770382	0.310119060928461	0.319311310385514	0.294620696433958	0.243749859608854	0.28113459601189	0.324443582180744	0.303750247866448	0.286218138749526	0.22922689388978	0.295465698600063	0.273690375431539	0.314885028287055	0.286500516172782	0.261736995154495	0.220472996427778	0.273889151077113	0.232434060734017	0.269264933193968	0.272649672714368	0.244208547587042	0.241188062172708	0.267805114256735	0.307216167284914	0.229063441199364	0.301817011286956	0.296879667844072	0.292889447123543	0.262659028488336	0.232422059618181	0.288806329839682	0.321671851957877	0.30862959924954	0.308928857546332	0.275032349505785	0.269391745882345	0.242091583309068	0.264466791656679	0.244097131467931	0.307465689911431	0.303147916650748	0.301934719361633	0.287482237037137	0.286269063140006	0.281844461071705	0.287470626039803	0.279151131221537	0.285905038643481	0.259168985053218	0.290851485657383	0.261494652002661	0.274469703323661	0.264001255703338	0.326738868910326	0.267522830065407	0.314962223588654	0.274017151218467	0.294062152321048	0.298989378632415	0.316994214828351	0.275074920863674	0.236559318862596	0.260899810647645	0.315017720787787	0.294704051172466	0.265476866132955	0.302478266054869	0.26521965037624	0.291697540756669	0.304975137965856	0.262066187976742	0.29857790842918	0.267308684554033	0.289435974879956	0.312449368386536	0.326813419230388	0.310407518367249	0.283732434145448	0.301022658290728	0.267115855038337	0.25495918636162	0.25536295918411	0.272695160071004	0.25755226625577	0.284259038008863	0.227262394522436	0.28967728204832	0.308490686158848	0.304029407863699	0.334517458696059	0.309257581231532	0.282288332479127	0.279730071284103	0.29764104064176	0.294463567575082	0.280370724908775	0.280139482777645	0.21058166200352
0.279339324266084	0.228019810603062	0.301979268600045	0.288564436222118	0.309031399534085	0.29966933989298	0.263101943753169	0.277532580935101	0.291693170915852	0.319117339447858	0.27037326265741	0.303591418615051	0.24708200730303	0.251899840820503	0.253950093171259	0.284507579855251	0.290828250137943	0.300414540668221	0.285669289874197	0.307488127023126	0.297673074777374	0.351477678309431	0.249189012460295	0.244291164813069	0.311191396888625	0.281035273758186	0.239937021655653	0.279009728996629	0.279173717196306	0.284172565500425	0.290962402295074	0.263448288915522	0.324440768108329	0.345271468656281	0.259793350827491	0.317758820787718	0.292171348763778	0.262517485388323	0.308499339700048	0.276596427893233	0.316121142202781	0.255204203647074	0.268760331279976	0.274122640592908	0.274522277852767	0.30074717658576	0.287787779758118	0.279699669550772	0.325851074206905	0.29061628356933	0.320619921318409	0.294806938737654	0.302094776622097	0.289264640186533	0.283890025985107	0.293270415429368	0.236677276785139	0.291360252966006	0.264186927518444	0.255156004198537	0.25794271196662	0.320297523886357	0.284263571449082	0.313982314942509	0.310060650420509	0.291493068044222	0.277324520610566	0.291375671967577	0.303200903654408	0.273227766704165	0.259646544115959	0.302459207437176	0.348909734449544	0.30597229736553	0.249444714940726	0.291868606325608	0.295510413545954	0.300611055440256	0.291667361984061	0.28049358681526	0.291912550998072	0.258579682908275	0.285097055662365	0.305938212814855	0.257517641697108	0.256259324659513	0.272661696169837	0.272533647174345	0.29909946935288	0.294829699646931	0.258232120978822	0.313957500525988	0.286902969937889	0.311516255787936	0.31738817062739	0.292467728048592	0.232316207859321	0.305404220711242	0.25997555505055	0.262567067497603
0.277223612724419	0.286969148324289	0.265937766652936	0.285284882225493	0.284158470268739	0.279869282646808	0.290332292580891	0.305629756309494	0.286167710534168	0.278786613789254	0.248248764047781	0.301636427052568	0.258630201508426	0.262900593178226	0.319135282327541	0.279979262055824	0.255451060809714	0.300663186372368	0.268363232793193	0.324619813283592	0.284009734134337	0.278507866006011	0.275508055379014	0.26258825225399	0.273607208910586	0.296378882318725	0.236613281061684	0.307097277130599	0.250221073411891	0.308963225059338	0.289205558203788	0.30108501325664	0.296953955359055	0.320183608195036	0.27683867013351	0.304658783340611	0.297775052121533	0.307256031770922	0.267974868658186	0.292106406776431	0.26140952760353	0.326995132678481	0.296627324402758	0.278964192476788	0.263876136255447	0.297355616538458	0.22968887070594	0.298219844751049	0.291061696372433	0.261965970284909	0.232688908655691	0.26029593131744	0.258461661965298	0.297671269796456	0.279003393108453	0.310800819527105	0.289318770833634	0.321257510442017	0.289721083240655	0.292062759063302	0.282842388059064	0.28962514988316	0.279860602545996	0.250826610121404	0.301233356594846	0.295785032012756	0.343920262052964	0.296991312035534	0.239365367302336	0.213198813931647	0.30432700134631	0.269023087590285	0.309645631857169	0.291619401524722	0.304110232855303	0.289638300990055	0.305945115472503	0.311015793221243	0.249089971943672	0.267395686619412	0.306358537196085	0.278219325297547	0.277822378256463	0.296099250703379	0.277023327169213	0.25873366096645	0.297736579789701	0.305178532112572	0.272633967827465	0.358926410374905	0.272268986919575	0.326524605103104	0.303923837205664	0.305503507908852	0.27142322461475	0.259858774137609	0.290541293108226	0.310246777889061	0.291490118072448	0.246723193243263
0.301866215319146	0.292915277030966	0.287546310026244	0.268372997141819	0.253062795940322	0.236711666274954	0.317156136489559	0.284612409471782	0.263237964335365	0.277909071763793	0.251849972860756	0.308897542580459	0.250351900516856	0.351847839138016	0.284374761016514	0.26737593970712	0.313031413830653	0.27733542482412	0.291678316933023	0.238296271762893	0.26668043331082	0.300750244417427	0.252218821702769	0.28367559224812	0.333296534235221	0.338094006578786	0.288516304256713	0.275228395558072	0.251653184147543	0.246404739964064	0.233036495452083	0.304434623888388	0.238336320124933	0.275431410122476	0.284413971191153	0.297731120083826	0.269798136948165	0.283755552482565	0.252913737785256	0.295108055065235	0.328175028591364	0.258774957492227	0.25460031032661	0.264278369795476	0.278283002151159	0.272625787489496	0.240992286273529	0.250831830007127	0.271576273617762	0.279626779162976	0.252227256714339	0.277184500429627	0.254197725783899	0.284153027592788	0.331218753284567	0.318848988419391	0.285477183523855	0.248464973727767	0.255186739704475	0.281916649333439	0.316882908278136	0.222216522570371	0.298700257045046	0.253577468080045	0.264426467390016	0.290605464465122	0.324481671113465	0.244014438718184	0.28131494298212	0.32699336942975	0.27646931923966	0.270619860825733	0.278007712705743	0.298035240902313	0.241142775462379	0.300902780878145	0.300786274077773	0.311959123242042	0.299638667146937	0.331048524328313	0.297401236068477	0.252980715784544	0.313490942676366	0.275959296052191	0.27846792890621	0.294176737585055	0.306237549058409	0.289219527631748	0.287825108866386	0.278319472708129	0.317500796092512	0.263223776702773	0.309836567400049	0.286913312169268	0.289398339424611	0.258416223926226	0.271809270813248	0.316796094722314	0.286385322833784	0.269931130628238
0.310132805075416	0.251883450111062	0.329850614309316	0.233889853073386	0.322214788832476	0.274014314533595	0.305352807825113	0.276097603359231	0.278121583470148	0.263435348273495	0.30064151455468	0.296604097409093	0.31133745158984	0.330462166079599	0.298285466054732	0.27955068459751	0.254498042705884	0.284366718811116	0.264760473115072	0.273871149344111	0.306599966966848	0.269413684329785	0.328169786221582	0.280083863142773	0.276223610728063	0.292462445403783	0.258078165798373	0.269737873105095	0.286892724627209	0.265984442283795	0.273141165928606	0.253119389955422	0.293449899917451	0.270787175502024	0.271420567776136	0.340753067330724	0.256358099938002	0.291703508299091	0.292548964117234	0.281099762729358	0.284426751872022	0.257574021266451	0.267496858546108	0.265880549441569	0.280782141422528	0.286823852295032	0.236804740430618	0.283518557555066	0.263421472725122	0.262159754903268	0.274938969426393	0.25335720443013	0.291604755052931	0.25934868182661	0.292835339167275	0.269535552979444	0.312752785331248	0.232022734920879	0.285934199856648	0.29877586528457	0.24842841563113	0.298201606836224	0.251497889050586	0.252260777530235	0.273319982520621	0.266376787341745	0.258202947653135	0.29226485822426	0.33065999111958	0.331822804764954	0.299402716791972	0.272331313789191	0.299234141024946	0.27650567497623	0.287914065838432	0.316221977509217	0.295941389960423	0.262334767030455	0.279089465769888	0.267421670840179	0.283199241184319	0.260271202174679	0.301781904577506	0.288394203795095	0.248242160503403	0.278949560665129	0.285072902219782	0.29269361464653	0.294560465925878	0.283447586349867	0.307671227988369	0.323934900216633	0.299948498443494	0.261382130655007	0.317467722724066	0.251445982180466	0.282595431877642	0.29405787782571	0.301585296785365	0.282757804637491
0.264021847799799	0.256542942379805	0.282348970162467	0.279174142361218	0.298065269239221	0.271899660457759	0.296500793832867	0.25675699492207	0.280223959184922	0.322453971810949	0.305671661849497	0.24591308552119	0.300618829921538	0.324562120159436	0.317214419892815	0.285203129952785	0.315352320134859	0.264065393587424	0.336045287066787	0.299908252758389	0.248949018368256	0.313125294343305	0.280451833537006	0.278663532819094	0.292538951626252	0.313407103319104	0.288238782909082	0.325877700677407	0.302803079694718	0.268762317189305	0.290286674865665	0.296838799372194	0.332634976230225	0.251797496005478	0.267863924278018	0.317432548509315	0.315394329595063	0.289262769091201	0.336072085037298	0.276102579471526	0.313032632518054	0.277694074905	0.25878998910095	0.283525677803828	0.267190031779128	0.295375247025493	0.265648723900513	0.278274604705413	0.261620272292032	0.277733073940165	0.263234052104275	0.286024813505978	0.260866652714154	0.340959325343275	0.295961331589268	0.283913685351045	0.325634071495382	0.302465785634192	0.27444002066676	0.243709017581224	0.241703253720663	0.271356433315346	0.252228113765602	0.289425097562942	0.271291924864076	0.317273295217805	0.268765005353703	0.24583964873648	0.296851455241584	0.270646125177346	0.318277367348141	0.281586456979773	0.265654683030592	0.314654370486412	0.307124714842135	0.306946086736282	0.288056487845384	0.287361783625475	0.301765107209363	0.287701701371968	0.30718928900688	0.290742726679484	0.282411721233614	0.281561992210733	0.246572217924019	0.250115795929359	0.336760801761768	0.324419012926066	0.250555147776189	0.331849813307019	0.308746924777769	0.306028232244637	0.286633239465879	0.277075926013887	0.277092823759449	0.284221717601287	0.310246583968768	0.308615275307975	0.31490994648239	0.271096907480485
0.253268239473646	0.29166632573437	0.258161329008395	0.270735502856429	0.286941522362749	0.285502399851184	0.27932687755668	0.313425105692924	0.280046448060117	0.260084266341374	0.335050472270918	0.276173635171297	0.317538092582179	0.271436101944138	0.230781530430103	0.316705273695294	0.269711748923676	0.252984473827258	0.293278637289125	0.301006754845569	0.287084869748405	0.315583943263437	0.26590727750688	0.287559831658559	0.270754808322735	0.281844960393699	0.285887584480687	0.303297519487036	0.254013645671627	0.297653960689331	0.271248019846859	0.275545742498232	0.260255741823923	0.289937749985573	0.274276141045849	0.265458150339321	0.285712558290448	0.29247961047384	0.23607484897135	0.293424361452031	0.24759164375415	0.267625653486597	0.312934384086368	0.28701310772167	0.258126668631531	0.30768389080032	0.276378051158765	0.263431679612544	0.257279589520888	0.305677814351931	0.342800702207033	0.314040503790363	0.273941870681921	0.276203893605516	0.266279590907855	0.250379998838339	0.292356358386266	0.270427894400676	0.298910166140386	0.301999181198463	0.280456480958621	0.276148184092032	0.286963233866216	0.294395461264074	0.27886638512424	0.269594795465675	0.313086297411857	0.2753129291756	0.248384037535392	0.305954294393161	0.269000982997933	0.302054511993281	0.286720211250968	0.268880339240866	0.330701672014202	0.294524534533629	0.289096302016208	0.274729132181666	0.282704663088842	0.265710698293258	0.287119579238055	0.253355989563539	0.336808791791989	0.291463592024508	0.323733533615508	0.297183594298514	0.280759667184758	0.308230481917031	0.31446955067934	0.251922482304208	0.270002329654055	0.275008533839976	0.232826881307271	0.245679467704455	0.29020854792668	0.30194574919948	0.30147403918176	0.285133536178296	0.280314899020584	0.275689111776692
0.303131839504037	0.285569062119661	0.305247829684204	0.309023286993602	0.213175370718594	0.332788129694056	0.269887619566456	0.270167607251476	0.27045499127498	0.361423788529783	0.265968810817516	0.284840112718286	0.284837392978	0.302210328572484	0.261145767227443	0.330249470197454	0.273852761998628	0.289533796784038	0.264995567565436	0.30437293307947	0.31434967414256	0.363656731808461	0.288691391285945	0.281525036455392	0.308574751625064	0.249857184804068	0.258472550750468	0.268882172437769	0.340087416878389	0.295526698714491	0.25012980569024	0.278181144984228	0.300882490897698	0.284806565438261	0.269250223759485	0.276152907282406	0.291829997214276	0.298091793045047	0.241550856104662	0.296186303998883	0.257836189517619	0.260639346745267	0.286201769565459	0.287002616266507	0.267185164938762	0.268338027666169	0.277348179395203	0.293065851341825	0.276501317361717	0.307844057095883	0.235160959203168	0.280454579713197	0.274302068071906	0.268948147584189	0.301782944755036	0.247565077540229	0.267608264095672	0.247303366155085	0.292064786700135	0.276502555551128	0.284270812676257	0.230803899595379	0.298197066034874	0.229693324610759	0.277839294527846	0.298744585591103	0.252403054420431	0.30328598962644	0.283053489977859	0.222615914656811	0.286468169138071	0.288382957217169	0.364380465148585	0.294459352859189	0.30711285747798	0.267687884606285	0.269222114790025	0.255222380458579	0.250602888394494	0.289527819149911	0.255836790160197	0.275422747400393	0.302166160826357	0.235031777394773	0.286100372336856	0.249362135199768	0.301812933678831	0.291384501272045	0.313151390482126	0.283413222335863	0.2740819644624	0.305949127116948	0.293130089517074	0.274981949689275	0.294672250013067	0.267121319166488	0.319035064491343	0.29371028906425	0.295450736248521	0.329854099125658
0.272033495527884	0.29265035048679	0.296399359604737	0.253685680172536	0.271503218087093	0.239201054747819	0.226181920779496	0.288536067208183	0.275768503325387	0.293541979070382	0.303366247475403	0.267606202149334	0.291637690812985	0.280277572790391	0.304855274358336	0.249144309655775	0.291728002858751	0.288680712971921	0.307127660507389	0.345260776910535	0.284664036036775	0.306489580116633	0.268038978053402	0.288507096128938	0.261678653509657	0.310502940710805	0.304927447130675	0.250638340907949	0.282353432267738	0.285326999402267	0.292389183628626	0.288620320241326	0.290744829783825	0.316846809761274	0.258355058276192	0.294332651912774	0.272649264121263	0.291418808749097	0.258888118632085	0.260289579469468	0.2694302605603	0.284572395725209	0.269484488581702	0.246653999250603	0.25389366255776	0.232668198611288	0.344199317044747	0.257804754922097	0.287199294462795	0.280336998574765	0.295841488306002	0.320217405231124	0.301629926186565	0.288794191554515	0.299162928268667	0.319042276128517	0.340550024305697	0.300626345425038	0.303602759970239	0.278254360044984	0.276022530022636	0.24353951988737	0.307596902174113	0.246768101511595	0.27388803867367	0.28273555967072	0.300985489074219	0.277160482224816	0.316083665810755	0.297791007749921	0.283244641046889	0.30976179778226	0.281386442105488	0.262694464628583	0.292722422712071	0.326065088605046	0.286393931563087	0.285066614305048	0.279494211977247	0.316530520598146	0.258779398310772	0.335849843911638	0.262370572645084	0.32097925642831	0.266916352178189	0.265526102562295	0.29801749675338	0.286489471601463	0.278785031155566	0.276618487081589	0.276845809742849	0.272698944011411	0.257274999141994	0.241717855614199	0.299318592018256	0.255838361277758	0.321648586857172	0.251617683455713	0.265217674560673	0.294339015161662
0.286152237826597	0.290660343179219	0.254760765741579	0.262016686770096	0.348425823009822	0.257273927821301	0.284508620602847	0.28075956115567	0.269095849903751	0.241169783895868	0.257829504211396	0.256849404570772	0.301676698870954	0.27468943073208	0.255380132497953	0.314345744331643	0.247670094571351	0.289717232385294	0.279916438639771	0.262970224284181	0.27964159479113	0.270419600329289	0.270047826805593	0.26885214874876	0.230059852233955	0.260786896193767	0.291503174976942	0.267654859647634	0.285347128186582	0.291297454029264	0.279556363855787	0.268549985055781	0.228507743797634	0.246673144152762	0.227453328345264	0.251768655791619	0.277418401353018	0.297292331739641	0.294564840621452	0.272123490623531	0.286277236584417	0.264693790574398	0.273861939639414	0.269473155361731	0.301101362988505	0.306002824475271	0.281218041538109	0.247586728339151	0.270790656004946	0.309945301183959	0.280228518738667	0.278025191502727	0.26935107382394	0.251717979281729	0.257849330376479	0.227917566619474	0.260431404996731	0.237126934856303	0.307091749768334	0.252817904490168	0.305549361126159	0.272783757091858	0.25416207924625	0.298773126935161	0.267578354201441	0.299364488799963	0.273053103452653	0.244796359899026	0.300606327011229	0.271013228517073	0.292437814454417	0.290078011547783	0.255729787211192	0.298000567240835	0.306293897649627	0.313261687623033	0.284276547572975	0.237279384631388	0.255719071033593	0.304340847341709	0.262248546001879	0.338421890428223	0.284660607806156	0.265914756457192	0.244690868723912	0.241591111683462	0.323914369724331	0.258739913949786	0.296426446686166	0.294067422636196	0.28927541995322	0.274176123313725	0.290482379140903	0.231302344949684	0.253546309477882	0.264585351068992	0.281410371104959	0.313074219123602	0.257586315659278	0.260602623096467
0.305486512407257	0.269183189866266	0.28451932429634	0.295454325609969	0.324545228872563	0.291517946624126	0.263660614033137	0.288967173176689	0.261020660474536	0.271951137790731	0.254844069856721	0.306897941081947	0.255165094877109	0.275408849753548	0.267190477596009	0.299612816468213	0.218597919230154	0.293338992883601	0.292438449119258	0.263871233738079	0.272534159654016	0.281769143642362	0.252256775483495	0.229605136381029	0.244380522522624	0.255305102548292	0.329439482947879	0.25859232187031	0.324401997535216	0.242985092530131	0.269661632419891	0.299841305869281	0.260049992237422	0.315211959286132	0.261777738803661	0.28250612345968	0.262233046972371	0.271706477063904	0.228219986756903	0.275478550619489	0.250142467132048	0.250654535929562	0.320863665673776	0.301567077154656	0.274905909085857	0.283304325977433	0.265917405406967	0.270622914780965	0.222369529274736	0.20512569505122	0.270119426983847	0.292461214466388	0.299601975245795	0.278237682414913	0.279043373377957	0.285738483526607	0.268461615181103	0.285814383926199	0.249487749111777	0.29453177153586	0.245085908296092	0.273249426576972	0.269796874352637	0.278380903787958	0.255506444509298	0.317115942236079	0.308263945129397	0.302877824427131	0.24537871099456	0.246118463414968	0.258503332938182	0.246766815838742	0.272499801118239	0.268089481998372	0.263829799759976	0.272993404562564	0.286843369568693	0.293125444519888	0.290501959342637	0.272005008845941	0.269775541335733	0.256971826246979	0.241941874075369	0.285875031313934	0.240392749251887	0.274218401114303	0.283841807167049	0.259472399458936	0.296087694410047	0.296445028454673	0.270170514484409	0.279664540734887	0.253390340884194	0.282624005044921	0.304133726182388	0.285684493351668	0.24507566266555	0.250395371491122	0.278590346683484	0.209037647492833
0.255018576189334	0.261596319033091	0.230799350115979	0.299252638896886	0.224171134898263	0.290189334958755	0.326123080637337	0.259817820185257	0.262488801729994	0.308537042161048	0.328768086128609	0.285933241753947	0.303779266959949	0.251893696793829	0.255556367571738	0.278396054425252	0.26908427464932	0.260579973537098	0.284204690416332	0.257247197052635	0.278363373788289	0.296708907614636	0.27214898404856	0.304128426127883	0.315089340440341	0.245136648004864	0.244966120969894	0.324275375132643	0.275864344137386	0.267404012274187	0.293648449877884	0.253399363791822	0.297475578808696	0.278667413724596	0.287062419394381	0.281779870457297	0.259064931223618	0.290544787957332	0.270543861594777	0.314367933393708	0.256353707312835	0.293265954988427	0.271110755257276	0.270018278649557	0.303967456778911	0.288482254233871	0.267970724751869	0.304889604627139	0.275902440196612	0.306311099004946	0.296598125015994	0.243450318266532	0.233382880242791	0.284121149433423	0.349417107496225	0.282019115019724	0.229213270930513	0.285353906217795	0.268918949293644	0.266002228659743	0.285704674736893	0.293383439161958	0.268682010767184	0.29131137664844	0.296553235115963	0.253414576519782	0.242733359982191	0.247447096672306	0.252085541333307	0.276148942106298	0.281942351223279	0.298660348253609	0.28000346987511	0.267024555114143	0.27192966953659	0.294451710885144	0.280736127557016	0.215670295836936	0.250719750443358	0.281710416000507	0.289716352859282	0.26823067256981	0.238644752236464	0.303200872202328	0.264612610948959	0.261667027043959	0.289128082166322	0.290705436501147	0.261545407905844	0.27414019720108	0.294470914865414	0.278040931337726	0.248351352941465	0.254771307268767	0.244746792091957	0.284509355693647	0.275250441352624	0.304742787251083	0.245169870531526	0.247819370754541
0.332620458230889	0.250123359934693	0.252128801822578	0.250606601128076	0.234838883931603	0.285605965816826	0.258606775861109	0.27411024070403	0.242350640110055	0.33118939593845	0.32355584083779	0.224146359665905	0.290956181043803	0.258377300029597	0.251795111867009	0.230718503369793	0.278169282824113	0.285016781176785	0.270861432709304	0.286748895997165	0.298486529782473	0.281533910903711	0.291018816247519	0.264791714456975	0.270651891437921	0.27585820798425	0.328696189962516	0.352989039396142	0.306244218958405	0.26841289276053	0.283572072781057	0.271882677711581	0.224494289809599	0.305402098383676	0.263599649746035	0.237897159052493	0.291050239347333	0.303550431887412	0.309085337044502	0.282526360036654	0.249480243542754	0.243694031015749	0.268173964509769	0.271748276904443	0.321373057020362	0.292921611935959	0.259420755016424	0.329679675127898	0.246510398454143	0.286719681759085	0.266806683525776	0.256312547862663	0.270790610921997	0.293714398648394	0.293835713720029	0.271445739741931	0.297618244542141	0.260961932155098	0.310203491777286	0.323872754807784	0.316203127895298	0.300765101644682	0.269242542473721	0.262906127928848	0.294441836401121	0.274374203493715	0.279362974673342	0.280606659287358	0.254562897245821	0.243326967205538	0.318318535132457	0.229218347222088	0.258707193004815	0.278718505377834	0.281191212093592	0.248654724520918	0.291845805749113	0.265628191579852	0.298246818851989	0.281035996039996	0.327955231153675	0.305958410591446	0.267746127714077	0.253673986915555	0.272934545084816	0.272690246106694	0.313517112642334	0.296401948751048	0.268188192214476	0.252781688554733	0.300576014032099	0.26719711191535	0.302747958927242	0.3160175642627	0.265290050317516	0.318884722370107	0.311665516304702	0.299509095038408	0.279518693404965	0.269124878879788
0.264977895610588	0.252937620446235	0.267783171783146	0.282699384487308	0.273514314149364	0.232740904501157	0.27732137554287	0.29098349309721	0.259284520564402	0.234235553415924	0.257172726553561	0.300509447757039	0.276170404895592	0.274687640899102	0.310138421968297	0.258892485437079	0.311325444642561	0.303703254023761	0.334563432753684	0.281760392229179	0.263472610471915	0.288086083409551	0.314615502611443	0.310644265805884	0.267833913836687	0.267153657770191	0.298988673306811	0.249877812505236	0.275033987044677	0.254347745375782	0.299076442332199	0.315199105433843	0.302263539825987	0.268123875318426	0.268688554465789	0.286704437031374	0.277570768569226	0.242445447948306	0.284515655870101	0.263158876561961	0.318195169339209	0.290342187393284	0.2803830467299	0.29548811344494	0.293179973991149	0.290214945091259	0.262591759125185	0.307290756380746	0.252319446091438	0.257881924545867	0.288033881882749	0.251403378610554	0.262112670013031	0.305704904297858	0.263899621590743	0.2424119553677	0.256601199908757	0.221451231852441	0.265597167066632	0.331594274890116	0.260400851419845	0.267006407176671	0.246781811030693	0.323140607868651	0.304305384087835	0.270927133083608	0.283652978465278	0.309400868249221	0.330624613515408	0.274527358071264	0.269766885752241	0.324419294890315	0.291268244423644	0.265264204788218	0.312757577407591	0.320341458685039	0.229729491484813	0.241431365597254	0.291339269828361	0.279147867137268	0.285937010452696	0.275364155939982	0.251710860191286	0.277423986157615	0.286716857318205	0.263014831358221	0.246953538016914	0.329118347393043	0.294027784422639	0.269076469533912	0.286076818537896	0.238997981531755	0.251195011435122	0.279268116460724	0.276532793371325	0.260750457843264	0.263274992031816	0.234572945649334	0.259926109016195	0.23860885211025
0.302972049107824	0.26960563036702	0.266105635521745	0.279025359544598	0.244391064672163	0.264785629841327	0.283843112654227	0.285588039890291	0.229885556117212	0.251778693535627	0.284938780981605	0.281676037886241	0.267152335721158	0.284926918891817	0.225970916320208	0.262308212102351	0.256425934316206	0.259264741773617	0.289968909027444	0.240700380918373	0.297388911777818	0.314445683895944	0.318727207485041	0.218817470530462	0.245831585536986	0.237885176862757	0.275935821944733	0.227647595330401	0.255532249769131	0.25276868506864	0.251860138488943	0.267658624261007	0.256386395099299	0.278576929777814	0.260794348080092	0.174421078425127	0.277107934438614	0.295828561509113	0.269719393461716	0.26461155109322	0.23141000393216	0.279746854260679	0.268361185587657	0.293510450635103	0.278646660618152	0.293152013705684	0.248980214179703	0.26744287295823	0.249400611400653	0.341263868988575	0.264804423526991	0.3000237193832	0.308144796894863	0.269053286200777	0.263217269129359	0.283053444017593	0.278710672901263	0.262765206716526	0.30558386440583	0.253345011633625	0.283532961953497	0.249877373492677	0.280199222639491	0.245890063953126	0.233161734791633	0.256044149763363	0.268292628717863	0.222092659707657	0.276524147210224	0.281650755935608	0.306855038335001	0.259213091454613	0.270322831907595	0.320320450291215	0.281841642334191	0.274407212741555	0.298035171832768	0.311885329785906	0.342407908815648	0.313653636160864	0.252495191861941	0.295609360911995	0.282021227498648	0.299297412981508	0.271297099179992	0.251585979567789	0.238479312658811	0.290797880780705	0.282992945028681	0.304871782472723	0.300246059372132	0.249687704631669	0.224157872635775	0.234691661018744	0.286053704835005	0.279719745257295	0.245378290569083	0.307639036976325	0.201520411187769	0.318456319407311
0.280531780666541	0.33563205965939	0.25883536897118	0.290502292422746	0.263175359755661	0.301190910114883	0.302517219334046	0.288053162490605	0.226801636444441	0.337019244469438	0.277845387547639	0.22214296501198	0.268884037888634	0.273801233631633	0.249124514087303	0.284661626186295	0.285796979174507	0.26504115529119	0.251492008578119	0.269360928266581	0.253432197934113	0.23274060327239	0.225853526948267	0.245521763025662	0.285831162196705	0.233575315978277	0.264906286050587	0.337084743042223	0.262974341323572	0.299738856141215	0.282519568693604	0.326875990920642	0.242665382268565	0.260164531185041	0.291248177198424	0.254532913396791	0.311193524890557	0.267583376214598	0.295416746471852	0.297207189100917	0.282030449511405	0.322986067429837	0.273805438309097	0.282221741634322	0.280436014998672	0.246539167378231	0.250608794211985	0.239105331500471	0.252749732716373	0.280082829803416	0.236635883235457	0.289703955555146	0.228031506037832	0.237585043208676	0.214458277559386	0.236417099027522	0.281086894726387	0.237750260422144	0.283076646264222	0.30792664222883	0.280029258392183	0.254752616013072	0.28915047422531	0.243523990633595	0.254193071705065	0.248086685662279	0.3123555236625	0.27449887998122	0.302990769241794	0.272144669941606	0.305695201250371	0.228447443209801	0.288353014194504	0.31537598633289	0.287807210547417	0.277002887780687	0.260395020004485	0.265055230345651	0.257316473189193	0.310280698808896	0.261040244942483	0.242133184774898	0.272704202926797	0.287046633856038	0.240850784749166	0.262228273125663	0.300710957584749	0.241510420513337	0.281748897206036	0.285059836941823	0.293322257768455	0.295485921504863	0.263987812766931	0.21277785891292	0.236974091393851	0.281181119155309	0.309880414202369	0.299284556970014	0.274433934609204	0.308836402792173
0.277930466422329	0.291205550998338	0.328436646316609	0.283589123044197	0.298951088643844	0.253893038885933	0.280542698421962	0.277439946091508	0.261134803246318	0.273309262734762	0.257452217169376	0.206454561551484	0.264041955746844	0.324548567857551	0.220942321606426	0.255828345071333	0.253576335903147	0.196051947697639	0.250867918958769	0.242345217116288	0.250801548608599	0.290318936684583	0.307445305638104	0.19802871963877	0.333516588925316	0.212282227730174	0.255659403514749	0.271595277599841	0.248434102998482	0.243177737252949	0.285278824867715	0.255124342527661	0.281700714913324	0.243511470684885	0.227351997348748	0.24539054991809	0.239089513036508	0.331354777931843	0.279003489256861	0.263360385473688	0.287039342477784	0.267272551902032	0.230113934010169	0.245034062287583	0.233074665723397	0.233467924869154	0.269639198297987	0.253248959362632	0.285063425691235	0.208942710731614	0.276438762661546	0.26377012535625	0.28392984034623	0.283078990203287	0.304526487368744	0.295428550563396	0.249673867558443	0.249901922516596	0.251704097224792	0.25808534963418	0.26443045234535	0.256864737487965	0.245592141793752	0.279045199748347	0.23557523132927	0.245403258061429	0.301382567298697	0.248174092168823	0.322230221441808	0.236498318850815	0.275683517396777	0.253473036754527	0.260646953284955	0.238565523969146	0.245455772597059	0.262022357972426	0.256072996977569	0.300365979062765	0.295671701261786	0.284396737851399	0.269636978907371	0.287969250323733	0.327345251135447	0.251738330123674	0.314748445081756	0.232174191346176	0.241633666117959	0.271616610831557	0.287657312897459	0.334878453547207	0.290015106486462	0.255123922583369	0.244844446474262	0.275182048577241	0.272885154057358	0.282590955018914	0.241973819661705	0.273485491245895	0.277750148175034	0.288807185683612
0.325098315929709	0.327049545730035	0.30140358461714	0.264035436451464	0.251675608573844	0.25357505868367	0.272502406855675	0.299360542473384	0.281402774455897	0.25135721057595	0.31775328576524	0.237632025205165	0.293307089751533	0.266589775132916	0.265288649737283	0.267996840702342	0.300367024927787	0.256294645410842	0.288863561363461	0.299564981299888	0.28607969913339	0.237661150394282	0.303095481665549	0.270889348047423	0.285949905274933	0.226491259146281	0.262592241462892	0.307552938690647	0.286795557460025	0.298609651920943	0.270510603112761	0.231472259156558	0.308492759074893	0.299601205737086	0.281305873057206	0.23768637586083	0.267214641392658	0.249036237384551	0.300452807299079	0.259434470684008	0.283105076570638	0.207525650336255	0.243354929503184	0.252498117140102	0.265180526098347	0.267969253587001	0.301770963531074	0.26994372219956	0.2692454309329	0.280460279803712	0.261653305465658	0.264916309244494	0.309999999873029	0.250978160266785	0.222308795553006	0.234214415449248	0.254127065219704	0.277863747504483	0.293687566780049	0.267364979865491	0.250592724655483	0.310996113658408	0.236859347866029	0.282471759527363	0.308581702305538	0.294966095176967	0.339073481321209	0.294428128262848	0.255871551256627	0.258919290890554	0.298332451020587	0.312934125305756	0.288637709085812	0.246741246856751	0.229275015791761	0.2728843829145	0.268704079297799	0.265385685958316	0.263257006118971	0.243743969113749	0.242617712738534	0.265420092865788	0.281930901305955	0.254432666794281	0.261558995369513	0.269626531392462	0.285717104032416	0.234380324375801	0.258203534807148	0.241196614534568	0.224990293183428	0.298867631404335	0.274991696661699	0.335080037984681	0.239893843599463	0.269465731450331	0.296316771142112	0.246123187709966	0.273917525568777	0.300784702200772
0.288228573339416	0.319840297364855	0.275958471700302	0.240679123932489	0.28172329740802	0.265037821778292	0.307325510341476	0.290216642768781	0.292539812734477	0.297684494498956	0.277495895289411	0.337134182781256	0.261067196708437	0.2550701157783	0.316736232359568	0.26171280475861	0.303578164639511	0.277564806252957	0.31413387414485	0.292623564957295	0.278477475128029	0.289283623305621	0.316646501899761	0.279731977416071	0.271767645441539	0.270189087369696	0.261788078956344	0.30128805623074	0.287876242822638	0.278619033811996	0.239043910072831	0.291036180974191	0.294268427231765	0.253350055163493	0.284211417309909	0.279717029222466	0.312144309374978	0.288886458389298	0.248648344617336	0.240999496200987	0.306800091121224	0.294649647973202	0.229392519343324	0.274948527424161	0.250517276311765	0.2631302256617	0.268561152677183	0.265612879290705	0.263998113518225	0.266804029082712	0.309275012116414	0.334028858391501	0.291945230637375	0.26426427853928	0.287889834940848	0.278320195145927	0.276401110632486	0.321886780933918	0.258779725034673	0.269787558428075	0.332006488542482	0.249624208729678	0.305206187820062	0.252483309039994	0.235143442689469	0.277586607987932	0.320429310205262	0.256275709612228	0.297729151122641	0.253855720477078	0.303856996955035	0.274957767547436	0.225608387256914	0.250431764169776	0.251489439240367	0.263160835386022	0.27645120822003	0.290626131111738	0.262899650574565	0.267729112311106	0.23863314570195	0.30918644551094	0.293834862998104	0.239154737401924	0.325648340920943	0.301469637878183	0.29771299980294	0.241624766263803	0.300227697918679	0.30736414451861	0.217045326477509	0.258762474739646	0.249744646247993	0.305254760756555	0.289435886859366	0.263046692899426	0.251318920349911	0.277252123541175	0.315941754402094	0.268744638905133
0.266264332928155	0.256996509197639	0.300610849485882	0.262400802906572	0.264180805484073	0.278051228542378	0.231474741161411	0.243608430612694	0.205754132238645	0.304097343688572	0.283435310587788	0.233493983726804	0.280647373204964	0.247854871367382	0.264013901590405	0.239740344510887	0.247283888575628	0.227596440071698	0.300435093508036	0.325738716641864	0.311544843786337	0.269630118754304	0.259911436263769	0.31603201112831	0.22575130792506	0.259368406470751	0.270107668405452	0.281055331592322	0.282975269954193	0.312132446434387	0.262842631932725	0.254660348381742	0.301118272921587	0.254283723652273	0.281712024148041	0.261175933773195	0.303036336562426	0.247299815610922	0.273970653554971	0.286357679100242	0.264797909874857	0.271209819023394	0.254561461297876	0.251426370046624	0.210292147807083	0.288733512140311	0.2655140976675	0.245813137956078	0.239820788604511	0.281963275800349	0.24625042424424	0.270062529194548	0.295387746392265	0.285077953595617	0.277228276706824	0.290455261754335	0.240681079703691	0.291809827478557	0.290896198695996	0.268689596770682	0.309162310116171	0.24674688295325	0.289865493899014	0.274850617206273	0.29960223513269	0.220904095886617	0.273095913477439	0.26854952868	0.234382560801507	0.247072231676597	0.291374153738497	0.248082995832385	0.257169276019373	0.292129575600458	0.310924124141691	0.286774811224397	0.276087838385753	0.248575258456319	0.244369755200823	0.308366511553844	0.265500550059282	0.268211859094594	0.278394988160526	0.277110720870894	0.274115509612363	0.252037360513369	0.279632938515407	0.318077875365259	0.260077320249846	0.243889492286766	0.287100741451806	0.332917095272002	0.278454064695945	0.313473991147262	0.296073874069628	0.269995642721273	0.273779896673176	0.303760333452776	0.305991984377645	0.233627122212833
0.28973989566329	0.26148332250733	0.316585574082882	0.226957186069386	0.266419037239278	0.29007858362932	0.296542242116927	0.299536031458673	0.281097897126676	0.258949177603379	0.29416294406965	0.280184510696706	0.308000034282198	0.223251164568321	0.292508622171578	0.298025769844441	0.318392030399591	0.255260364776649	0.275892910188128	0.298436916572065	0.291581748212546	0.238871235293771	0.272732860901381	0.262245984267544	0.241738330484872	0.28462826745469	0.332407560660479	0.273340961949765	0.252055912503176	0.288069980127047	0.231376646709715	0.26969144882601	0.2759153015413	0.238777999158702	0.253540563042679	0.214317364491109	0.308542868796161	0.244463729357214	0.280691464237526	0.236478957305373	0.32520621616628	0.27253747655448	0.260427020489653	0.313712493742358	0.235499806516632	0.257047630568136	0.259664478917872	0.330689492111194	0.27943035905107	0.283506445959911	0.245125252910616	0.270520652570747	0.263051092353187	0.290549169892057	0.261543502885374	0.302727626912981	0.249701842971152	0.229384793839835	0.217045062647901	0.310230772691017	0.273473801750012	0.275220517330358	0.280181124929416	0.270427753822181	0.278258747482222	0.239565395639535	0.217176728848891	0.264114405728966	0.247798114565085	0.234534570098913	0.244394530511505	0.279861679860086	0.290963214852778	0.308934035449528	0.297565203814722	0.239522371956141	0.293774292068338	0.272434342890765	0.273365494357135	0.248443647162954	0.275995014893617	0.227972555959219	0.3367075600673	0.27701807651729	0.254864370090508	0.263274155130625	0.291129309150265	0.245226013117504	0.275098646576759	0.277416136207059	0.285194215932391	0.186581460594808	0.279813219305455	0.291331912612534	0.309477295104523	0.246784024448224	0.254934393552976	0.232569376256535	0.258939233593573	0.262397837344221
0.259931278013348	0.244400855193453	0.245620693695822	0.218874131071927	0.271809454901347	0.277603512267889	0.279612046204123	0.241235600686744	0.26414660874493	0.219431411886849	0.297917015496092	0.277333379554729	0.237559799419421	0.28979498275162	0.321674931204675	0.278286363255337	0.291349737736215	0.287023056451959	0.28632350566655	0.312581944656634	0.288536543300052	0.289963653372904	0.280835591558927	0.287700813486646	0.301820563996981	0.252981653278552	0.329007780799201	0.291984108058718	0.240630421289477	0.24975448118484	0.287121731116921	0.268195129471525	0.271376128760903	0.291454345973303	0.270293341200278	0.297984053458331	0.222955148546989	0.228254555362733	0.244857756815223	0.254840217977612	0.26539133850627	0.265957224815736	0.248312321898262	0.274259145695345	0.251269885883137	0.301688525322858	0.235850446225582	0.279591342793938	0.281513414043069	0.266507891062993	0.275487553848508	0.318751232928773	0.201035579067757	0.270105180513732	0.201368055464676	0.264172847233272	0.235319932092248	0.308595591034339	0.233448517702514	0.250313063412	0.314556180972934	0.310815016144421	0.25586983555875	0.319081391469516	0.258423824173219	0.265325616222197	0.250621127767597	0.262037453876989	0.226164401276154	0.247285559548964	0.240758662607603	0.305104130816863	0.260127288096238	0.214140115627366	0.294067695730094	0.30887746168004	0.236018567481005	0.26356645248802	0.276426630174026	0.284223691734576	0.265926997093404	0.301742082973369	0.298353497762454	0.24516870474877	0.282104026702603	0.283167513281888	0.329119617993655	0.307622397260646	0.233428297277122	0.245480650449363	0.240852768918787	0.248687218057318	0.251131048498365	0.23705922023466	0.289876233019167	0.300484284541918	0.280812149061653	0.249548440531971	0.287253743269118	0.26485598286429
0.311979502546343	0.298864786916887	0.279225718595495	0.242815812952449	0.279310205604814	0.239235112079372	0.252469342833276	0.287764542808683	0.245973644019923	0.279016690497988	0.268176977093842	0.259244424306236	0.297915273711456	0.235408474696039	0.264441391930989	0.238462141556036	0.261991690354728	0.282927644342024	0.312558993379819	0.213889723103755	0.296896570644078	0.303452419146936	0.222085976267821	0.309855182900492	0.256880891152727	0.26523439952024	0.273621893099574	0.249300067800751	0.230270505403157	0.331951550553152	0.251176844308708	0.258340062580626	0.277343993305359	0.274114010689284	0.268897468331351	0.255707580340165	0.254493223285632	0.249213900307457	0.21460053092715	0.255941335084892	0.226024776884893	0.248657649546071	0.272480805461116	0.303941894619985	0.292409281647805	0.271006332522291	0.247295881552661	0.265604696735457	0.245946068554503	0.295388003462062	0.245301655782231	0.264395507924198	0.20939472318447	0.249989499300879	0.301571667894353	0.279003970317706	0.259416996757542	0.268250784516288	0.252876288124771	0.271759901313889	0.236617168853228	0.262961517942513	0.28797869181228	0.214421069986406	0.287752635590387	0.257437586568736	0.256731460113203	0.251963887834311	0.224451489867286	0.260913176320335	0.247038419042421	0.310094313312304	0.289052584343645	0.297545898854015	0.25892031318165	0.303030672596747	0.296715076617265	0.290459998187207	0.217742467342472	0.289374576245909	0.210417635945687	0.249540566561504	0.272344230039948	0.240662255095143	0.27276800756177	0.232569656205679	0.256317023273947	0.252095259517984	0.249901426081985	0.240630694122715	0.25631338881708	0.309696812488766	0.25974346733554	0.264372112364975	0.296516596698805	0.269472598860094	0.283455428541609	0.299797934376567	0.230863696000208	0.228304494928178
0.306822912364498	0.245375920159602	0.26236033940413	0.351669223786053	0.28582455010808	0.244807458504309	0.259391152620149	0.252714368869424	0.293375387100057	0.267355379501184	0.215966946260153	0.29790642761911	0.197685057194107	0.264684195174457	0.299722202764568	0.291496558374087	0.258013082577444	0.313641177831993	0.285758671572749	0.254969817811987	0.269576287018375	0.304184731964335	0.262155779035252	0.249030609128428	0.256780930078474	0.287019297740931	0.221572566457125	0.222254690884042	0.287072272071643	0.272381715027196	0.277047517705334	0.25084371832064	0.234044219774638	0.323858014027018	0.305153961312099	0.337324950024639	0.259148167216948	0.262909265171593	0.286547220467224	0.237965623756821	0.323478294638033	0.30265724105629	0.256371906241803	0.255040305187232	0.211367159312541	0.286481340589782	0.258049703688071	0.3172698167553	0.24834181532606	0.272768474833157	0.236085709614608	0.270757445334044	0.283846443158896	0.262446196805438	0.289096688092462	0.258198729966853	0.251501840401229	0.268934734698783	0.213327410366589	0.262544472287289	0.316797929060439	0.286662776875254	0.276829721093806	0.275394203663572	0.291573456381032	0.25531912876956	0.243775012436389	0.317277884274229	0.27660670924106	0.218272260854397	0.251152668041292	0.227473856762434	0.195993219393053	0.237387969090155	0.26898929218965	0.313231871108403	0.254863457224626	0.257520566540536	0.336592587093947	0.300504330292307	0.264416499600467	0.231773989337644	0.329876323512558	0.287038656351176	0.252769476484778	0.246838655380487	0.288419893524539	0.274072330435443	0.263712331641965	0.296861030741694	0.319103058071062	0.274507370904066	0.251125385794384	0.281373800314703	0.277374454636933	0.2334127792163	0.243327636012485	0.25632149927206	0.307541697352015	0.206100143666874
0.223716414263517	0.254251898528201	0.285454380043062	0.231055897234816	0.282528066134127	0.222376145006658	0.241585267786511	0.27568001279179	0.279687247191459	0.235432535364645	0.27224788495255	0.22675261876622	0.252776686471525	0.244517798477406	0.279940074518399	0.303394467535853	0.268664168167228	0.243574746137304	0.288991716351319	0.256118144704083	0.230719915965267	0.253826310892826	0.276130350236325	0.282364014241139	0.298910256525829	0.311889212234504	0.232966312273412	0.21701843013301	0.261570624858751	0.318432241379524	0.303596265550413	0.283543173811527	0.190381007195503	0.272438213787108	0.24428784900866	0.245890439087377	0.296706233075041	0.219512147828715	0.244816807053327	0.251811198353186	0.258607927966894	0.241932521985735	0.239170238469454	0.30375786000709	0.292424004923949	0.278625958937709	0.243733332073374	0.241737244672484	0.280097746244266	0.305680523475628	0.234462414613861	0.270981272687035	0.311777433384627	0.304501236248449	0.297259395615932	0.341689099671431	0.289180060048908	0.254441677659912	0.297903272882001	0.274158159758691	0.278346821791885	0.234825135568942	0.258668786444548	0.281675369608022	0.260715445225377	0.275802403018112	0.25093948190571	0.237053012271136	0.242575998550487	0.321285494750289	0.283911792898953	0.250607510661776	0.245312824097445	0.241687844158952	0.280456228303764	0.296305429496906	0.280628949634553	0.228038617956895	0.231681705239373	0.277391934963708	0.243957651333339	0.279581604400164	0.311825032374795	0.260414730180065	0.269597289778391	0.296397713277746	0.314131768513304	0.300849905383296	0.23781784098675	0.27806139608618	0.266464605765012	0.20990013411149	0.348612661567711	0.286351152120121	0.263164282140836	0.29368617175875	0.273872281889332	0.271933922940876	0.271733212639011	0.253588104309543
0.29185385447483	0.244740257551703	0.240301855480262	0.311821108732992	0.204897215622474	0.369784117154341	0.242577283675137	0.255966082054693	0.270019097269398	0.262394066764877	0.245709991361982	0.292584729214498	0.295813420587069	0.278329099688714	0.339865141838375	0.322022500332828	0.253853685763187	0.319503773719576	0.274440309585299	0.262794541643336	0.263326647670616	0.270268323935814	0.237399686010687	0.222119591326742	0.237008623247044	0.251825115173987	0.270324820307846	0.265585946442929	0.234706155388744	0.285062617067258	0.277017001529397	0.220703626306635	0.251411030834609	0.223890775229688	0.25267860042538	0.269231441680879	0.284864090848493	0.262247135153767	0.315863516340625	0.29608832931171	0.312673949748328	0.241806166700759	0.272867433675885	0.278909057612208	0.247046230154995	0.306261537902002	0.274369122596841	0.297530930212341	0.277119315795738	0.272545352752606	0.264233401122762	0.250627006126746	0.252776313639703	0.259454633772325	0.239382068361894	0.252321739172645	0.220483785539408	0.26166770538879	0.288674187564228	0.290900028311906	0.287528351183371	0.282244581864246	0.249544132278337	0.255910703792797	0.222765382496694	0.247428155781622	0.302767354739921	0.279406220656984	0.244051349422089	0.30191937379485	0.254209702189748	0.288397803240462	0.218433850250199	0.243496494243214	0.341650145672218	0.232464240023275	0.288257305250926	0.23961622868941	0.264217958029581	0.272202799248869	0.246331857621866	0.313334544701843	0.22075216348756	0.24590587202817	0.299835139595981	0.284702190489649	0.307247120968864	0.293758611657544	0.233739244137175	0.27899550963499	0.26305935436996	0.239141505239945	0.174456222101016	0.285344964665338	0.235515529025267	0.296364376492471	0.25284355305954	0.274769363264825	0.260867700959467	0.255566295924271
0.294677474173286	0.213069384014239	0.23059124179615	0.233645722117417	0.248501691108228	0.255538191460153	0.270907040915273	0.29083114965067	0.320520384654503	0.257669489017007	0.289473897492119	0.262378359965648	0.270134908723534	0.296930646134497	0.255454955960984	0.240920357843205	0.25113858101196	0.260543146997141	0.273044004847891	0.306055018799968	0.280182680982913	0.26202444015764	0.205092846671622	0.239254948072433	0.208876190620683	0.256372475037501	0.247011263496897	0.235328510833464	0.285409080962643	0.27537701621207	0.276677398230309	0.242228745562518	0.272088661684401	0.266723015092409	0.269205208578173	0.331173569623816	0.272211264293891	0.22493475014778	0.288200203968694	0.251179127713726	0.304676991950231	0.309161785921605	0.269660021238116	0.295862129319578	0.231407171060788	0.269797446097631	0.302188922190022	0.252968651439312	0.346352986640977	0.274129660847209	0.295968318044891	0.256689872310163	0.321293420764664	0.303145060071198	0.249055199926134	0.214021753045063	0.243441107490483	0.31156754608869	0.233364874333313	0.25121283978181	0.266350586514256	0.231241249253308	0.276554666331401	0.310358257134836	0.27319908134721	0.300407665941548	0.288499247612106	0.235949144307453	0.269596763858742	0.189404780585524	0.267816076735673	0.344556047636141	0.303325932649561	0.301265327258086	0.27304809374758	0.23682314286014	0.239596761819487	0.309276332640528	0.271361113979464	0.263501225738515	0.303103170298136	0.292788529745441	0.241754164410286	0.290009777484082	0.261192807597366	0.229951088974595	0.293917700374206	0.267127525672228	0.244345475160531	0.29505953758401	0.232593943300201	0.274463344934921	0.261521945505935	0.267827217417785	0.284229861577621	0.259229660767269	0.29384517858293	0.226433756344837	0.206691138391367	0.274610217292544
0.291467305773146	0.26760730449655	0.229800292801491	0.319370928851003	0.287303270574635	0.323261393127104	0.238594909651006	0.268914512271163	0.256968900769795	0.240154153110051	0.312340282268771	0.250035267100462	0.29426463403265	0.276741987488536	0.292797635873255	0.264073503473067	0.292147762536004	0.221456690167175	0.242449432754696	0.362560995400562	0.258938004019547	0.243460791298324	0.277867117009075	0.319829406313989	0.208363174289725	0.320276755291282	0.284561698868427	0.28239874361807	0.217214115144977	0.290769468673827	0.232614027172905	0.279141938646707	0.263590331184497	0.306815791998049	0.290785531290844	0.291758401876475	0.324043087885991	0.265545276888868	0.214298568217954	0.241722584543376	0.277707627385506	0.235192972370677	0.30660343466761	0.255266700252578	0.258874331404063	0.270960919885549	0.29701639704191	0.291913434473792	0.267539289779085	0.293878008924917	0.30368065791405	0.264045606625056	0.221729908438777	0.299779762792021	0.2505043714744	0.286010384733768	0.257168420541433	0.290716613811401	0.291177290499577	0.25396880911532	0.263298831643449	0.257551284922941	0.272296877723387	0.283526015368516	0.242195454942053	0.246445165459702	0.249347543615981	0.343518904330097	0.269986654659661	0.280958476240589	0.207055041828852	0.293484889311319	0.295775634983666	0.275990658811924	0.254958691797876	0.269387148733975	0.280247549465005	0.277450873074133	0.277838850897554	0.289563323952481	0.277926375570634	0.251620077085639	0.292145201713528	0.265151574724725	0.281617844893833	0.322095130440333	0.30301668854316	0.245459872179122	0.240832196175036	0.251145292508748	0.267496914778333	0.269793474952539	0.2506421884874	0.262971689740658	0.288622551644048	0.314155978820955	0.25112659706354	0.293366617020791	0.267761522684602	0.229954212295291
0.256372334784566	0.27187346474955	0.26887431516743	0.29312287300491	0.291763864778772	0.300414551510656	0.248694558114425	0.23850768394296	0.28605727460947	0.25096976060309	0.264576925521472	0.244150357623553	0.261142170189741	0.305123039933537	0.238359974944625	0.29728839642848	0.341912679961017	0.249479850762654	0.276789054686889	0.283044452872768	0.293367195455268	0.288137320892248	0.237025806883764	0.213549567406618	0.300429879234851	0.316522111939679	0.280787499503931	0.250054700482111	0.260479925309421	0.284178018690725	0.264262519943808	0.261620659020476	0.215344239228054	0.275283079547709	0.264431279383143	0.242384052251671	0.266843201967078	0.249000516158227	0.236731895346517	0.301840878045515	0.291826849579525	0.278075405313814	0.2570587229552	0.280323517742641	0.286465987699952	0.28959115190198	0.26387530172378	0.281552269418759	0.290560400476652	0.216081469398543	0.283490501931589	0.231176297551544	0.276104332868628	0.218259602474499	0.226670411449185	0.251218702942016	0.237031812819964	0.244908594184316	0.341739451474019	0.294125333163197	0.261609382054323	0.319257637094003	0.254066929236674	0.281225710552185	0.290277284213549	0.255464542081679	0.295722499484073	0.252048044858148	0.24846428369501	0.318229829498764	0.300754635562812	0.276090807413106	0.34436265705283	0.253088338751754	0.272102920759602	0.236737482664621	0.246912123987548	0.276467397440008	0.266746874587315	0.23650505574963	0.273277120466611	0.283587662789183	0.252060395099394	0.27114794071201	0.250626139702656	0.276778744089544	0.240278155190003	0.288488807766354	0.250666269068457	0.237152440574354	0.266378541113932	0.24682800992738	0.260998397478536	0.266299687597109	0.278294008698305	0.295466914572236	0.286724331035182	0.275730135559881	0.279874299806124	0.22222385476928
0.300327134759524	0.314355295404105	0.283708251068981	0.270694623609594	0.256685211456778	0.325833162216172	0.30810299174191	0.279106766689892	0.249895223176229	0.25087301185668	0.277103161257525	0.306652631003208	0.271163250553126	0.258641022899275	0.240217506629626	0.292435447939577	0.250559502018833	0.292967295214672	0.262990339240622	0.283483157675313	0.264821135588085	0.318801157460629	0.224615668393414	0.267005015676911	0.244699071892914	0.235246888262818	0.249768432331143	0.27388498085951	0.292718471779363	0.308666022685956	0.255123787810855	0.250386389996086	0.265638405628118	0.255428664880871	0.293746001638944	0.237372026006973	0.293851824205461	0.270142590389303	0.240048968292834	0.219445742362669	0.273872205170291	0.29551204982281	0.251618953162154	0.273553999227543	0.214333731527472	0.26198852178973	0.225657117787993	0.266139025643429	0.293767765894108	0.262006018116231	0.257837185121308	0.281634629948662	0.311313139789149	0.22093786858192	0.293115728045041	0.258734304754576	0.256807657422747	0.248186410141959	0.275548717502912	0.224244980546971	0.29025028914906	0.25925706463445	0.271290691958477	0.330205963730493	0.265738886161722	0.194339139194041	0.259968728478856	0.188215166424859	0.293469483386795	0.300224790133397	0.290552672251871	0.256566713403323	0.27712145419407	0.274403684855561	0.26182154982991	0.227468666084711	0.280850914145808	0.282751729730183	0.280543646438004	0.25649525329663	0.291498761980071	0.243930999049774	0.26370427024362	0.219238853661721	0.225696904285848	0.326094795285507	0.277627082569664	0.281818997227515	0.281595668308226	0.244108936950885	0.266882917037168	0.249996826093537	0.274966437615029	0.241004407077808	0.263678881749757	0.293177340975508	0.278652077476884	0.275609869290235	0.260053581563909	0.259321144421384
0.266120358629337	0.271370446565347	0.285193714602571	0.2620896058882	0.22364123292537	0.255282538498391	0.276415887529429	0.31037688702626	0.256002157429241	0.244575011661976	0.269105565776272	0.294420937207212	0.217653142229074	0.283679826892597	0.258320953429217	0.25904041318932	0.166116069226625	0.265880173310803	0.250349161740161	0.268876475829343	0.266874996163676	0.268102704592943	0.2638762349511	0.238807763780656	0.278555941300659	0.281670122338712	0.27451141099461	0.266577433466852	0.264760671553737	0.262628217587519	0.272087661624225	0.280842620309301	0.236480787316474	0.193580285203162	0.25138403319641	0.262631286994149	0.269457786458744	0.286379850754167	0.269602197167858	0.266903896398953	0.303319824905449	0.2977420672469	0.273393860804408	0.257334971793752	0.20619053689265	0.24694519892602	0.26497725393817	0.221646319308676	0.309052964079336	0.289353349943575	0.191554737715249	0.274644146215794	0.346932740900665	0.275678034947064	0.300651507570995	0.260956259681785	0.25723217314592	0.262738906892347	0.256197101756173	0.242399297526439	0.261129337226416	0.229803519700597	0.243650965369975	0.25732200240912	0.228433867242785	0.294478728724029	0.242440794393479	0.234813183037762	0.3114315213009	0.290226395970117	0.284773626831485	0.253989569523972	0.268936429710209	0.298854491630034	0.316318029201535	0.315491296667496	0.29315744926539	0.209549205236351	0.219174502062024	0.236684951597185	0.245319923504923	0.263037113846639	0.263516563422916	0.300494712377082	0.259811357280846	0.261687851467262	0.303849194706596	0.321963903429545	0.267907176344758	0.281078982227125	0.29948554137395	0.282513437323533	0.281211227836657	0.306567733326766	0.303819196858494	0.255551637661993	0.2601094618874	0.278898481296887	0.268117808274907	0.278408843389399
0.231745245691645	0.229652524616254	0.296191225302716	0.284164264385303	0.348743687128558	0.24988607676991	0.215224061978889	0.262437926393615	0.246513504758238	0.304246589891618	0.232151981821489	0.283442278062297	0.272373005660599	0.275650837787044	0.264100610917734	0.292536818677232	0.2761519583366	0.257423381164891	0.293400741799621	0.250790055252319	0.249896629669381	0.242108213471937	0.239190098535596	0.263179942101999	0.244996093212556	0.244798976391546	0.269116072941442	0.228079465987215	0.283807449739699	0.265986205224908	0.315545500768933	0.272769502952176	0.258860020293545	0.249074038408214	0.253251561571508	0.298703606158691	0.273151640064934	0.301340666974196	0.276281012626155	0.317446874105488	0.250592933401105	0.284584736546005	0.218297175767284	0.28379191044382	0.298938562972428	0.24011984250278	0.232279996215074	0.255236136218883	0.247937590835596	0.313999087623513	0.264781209033221	0.243724361704399	0.291996614587023	0.268387053160115	0.261885026988014	0.192996709882434	0.314673826568716	0.274247278919219	0.205384152109203	0.31344810332972	0.237092545420206	0.218374063411643	0.216496593556268	0.241994112506766	0.270637091461159	0.242790842511655	0.225924420553145	0.253329442604147	0.275282306797364	0.298541347311797	0.279805636171143	0.27680275230874	0.250324078984503	0.244648407978552	0.249410267161199	0.266876640934901	0.241157125550397	0.287596070066859	0.25287952435633	0.287880337858333	0.237738719855415	0.247135336718741	0.213789187878131	0.278903067276173	0.293682253554867	0.278006966035007	0.25999895110682	0.245242850919763	0.273062834007776	0.272911252896915	0.243824297701191	0.269170070082296	0.244511291003244	0.272526317709085	0.260744191282106	0.230420864599289	0.221203463169478	0.28398487063975	0.243582004505551	0.29041413578075
0.239225625553151	0.284422610174907	0.254210933399675	0.233747636437692	0.275070509041459	0.234513670698744	0.322843805286887	0.261669624431109	0.23569506538635	0.250237918403889	0.267113511346302	0.222004660126215	0.246213199243207	0.270727186512798	0.262739919463899	0.25993086857993	0.266995691456273	0.288591632824745	0.255897582475529	0.307771108562665	0.234216150314778	0.295028880494194	0.272885332996809	0.249793040839196	0.239841971368306	0.248601088018984	0.245662423009227	0.282838808862208	0.290590322743678	0.242688204376553	0.276259127161341	0.257761913610374	0.291866212416217	0.191720221779467	0.278408736306021	0.256314168676262	0.267494344362405	0.291331244046327	0.194231861304529	0.273740469444891	0.284148060299428	0.286319449269528	0.271076864325304	0.294907307940133	0.293289965801328	0.232638528057198	0.286001374916342	0.222110013407363	0.324541119001866	0.310238521532725	0.312195017104535	0.256889930209239	0.247440918293404	0.251003575382729	0.218789599419728	0.349709562488346	0.254139736259938	0.295012332106953	0.250979869714829	0.243178199768716	0.313021471016437	0.277632308417118	0.263894714987232	0.295759191209171	0.243271289541515	0.269287082022327	0.230689910798001	0.250781167145306	0.235002563974186	0.264243345841469	0.276181971551708	0.257580456237965	0.28487090169775	0.242821896277097	0.23355060136103	0.308046348850832	0.291843478149518	0.222382129341421	0.255780635417735	0.254936466435875	0.238123926127405	0.303152415019259	0.293231974128328	0.265870357707299	0.244622008457752	0.286311410350093	0.296459117111843	0.303101092511808	0.248910285146449	0.293994985829692	0.291857661727112	0.284473812164135	0.240017298884348	0.266947780322308	0.215737140517047	0.229339864355346	0.214981335780357	0.307167026641649	0.280741877259461	0.276275518096772
0.237155348578417	0.253563885286577	0.323079430020785	0.311810961720249	0.317527849421705	0.269673629105324	0.215158349650855	0.263561978279962	0.249245868505027	0.226594738846415	0.246989859207635	0.260286512496041	0.211659078279309	0.241728341131314	0.320564009030858	0.244756973691754	0.266183225326934	0.243551771767269	0.274672211357782	0.284960350886391	0.195778576705104	0.222288593858793	0.275342205734349	0.285144345554956	0.306980669167714	0.229314432384559	0.262089807694899	0.243754099489976	0.228515585160808	0.273408093998814	0.25067915330777	0.295486938419773	0.267015913853723	0.308528899658156	0.242579576239197	0.240498107319573	0.267752706778739	0.270232193566449	0.242500857570061	0.223201475779432	0.267379193051	0.270978343996343	0.287253132854236	0.306402836266086	0.3103215079025	0.24770166885392	0.270255103605941	0.276701724194281	0.24177738639427	0.253923787293759	0.276851854020407	0.293662132337964	0.273669498278904	0.274535171567567	0.240253995426969	0.233291820885834	0.298287038881726	0.28584773650277	0.263511456356817	0.222272046174501	0.291973590248881	0.251300410050932	0.240845985142851	0.285338359298322	0.289065661230618	0.268804311558788	0.283706766702152	0.227281464920593	0.32265219105011	0.26000820292141	0.272739787355589	0.28226693943206	0.286910325128917	0.259123967849431	0.255217862939311	0.279365034694707	0.276317983116669	0.311201149549366	0.248600163103442	0.318948008185651	0.262178456004518	0.273087324714053	0.268917827754055	0.318697860807401	0.306189985266996	0.269688715911297	0.294254807505187	0.264023448372007	0.263261107837921	0.304327631053375	0.262152226321726	0.287890555498265	0.284468990748565	0.222574823208202	0.262015003058299	0.244375307512035	0.206452215104132	0.288037326531517	0.261512121220304	0.286651246475236
0.255246370860325	0.320869646573099	0.225598448471584	0.251842628531697	0.304618280411989	0.268090441833917	0.258490854065413	0.32009234230052	0.290046514192363	0.265303766460378	0.262503434663412	0.299008276830857	0.27390896479698	0.236054291553653	0.255250851881642	0.246657146594581	0.262469979458662	0.228868645884054	0.272886439061037	0.241433081999498	0.326939212254093	0.275900080786356	0.283850260911085	0.287652956042323	0.269620942961171	0.247762205319542	0.265373435891628	0.273657780810021	0.285765638844192	0.282497550198539	0.311462966929857	0.227320793808427	0.272129747278221	0.235593856454106	0.231596739879963	0.249623834155063	0.303423097918319	0.284430695221967	0.282961517966776	0.230281160222516	0.243274871878626	0.321267871184237	0.287172520120911	0.242052724951571	0.249553174024562	0.28064162551409	0.263994817967019	0.296443506947253	0.257249474185478	0.275793136291349	0.250966272059934	0.249038298171144	0.298879474469775	0.251549856575706	0.322999404332187	0.303387537325248	0.311515711355421	0.266510621739668	0.274484772929073	0.281431944835222	0.232783297572948	0.271149658999578	0.300428259747443	0.247169371137162	0.260808837325732	0.25707807469375	0.251357452411605	0.286915946575712	0.238219821519025	0.262592948142754	0.2984652958214	0.300595410768747	0.274045220582385	0.239438571422491	0.249273731392133	0.236509263211019	0.276406540160772	0.271540326273668	0.246062382228425	0.251963627222438	0.254135400298773	0.265444592622217	0.225444983984374	0.279952639158199	0.262193481567645	0.279870240194353	0.239642898632062	0.298740455219386	0.288162400219885	0.299170031881223	0.274499483218876	0.264417593177819	0.236425830017625	0.263681587580294	0.267999854364629	0.293390501110584	0.298316126529927	0.237994546848217	0.251859844589967	0.290026554654505
0.276763626577012	0.21263383730966	0.259710716828069	0.296503206364983	0.291658308408775	0.294860314400645	0.252593549855891	0.266052296910169	0.266345679041642	0.27499745281838	0.282873787587055	0.261452504112627	0.169867940931824	0.313114178822197	0.232874091254568	0.249387326813897	0.290834895644318	0.265976652973275	0.262109154576803	0.292192119195396	0.265326015396494	0.260204676460142	0.316749554342931	0.283857724399211	0.286915043867832	0.258668523897492	0.281958029957886	0.330199679486689	0.318030518669183	0.244769750304396	0.270891025203294	0.283752076183425	0.23861781029964	0.205986428660937	0.249418506061062	0.246107146549053	0.245927759363873	0.275795472690768	0.255695823081441	0.275451894514173	0.252910457361455	0.218209984165854	0.285250163762387	0.22593824189403	0.259759041808257	0.299584414960344	0.2680666961828	0.272333026127205	0.298867026194841	0.284427887593017	0.249495700827163	0.259501005770619	0.225976088277615	0.345362203591524	0.28692590947886	0.2884948452623	0.342942605259409	0.273520617914454	0.226895308609533	0.296131929046303	0.277344562742382	0.241123373194355	0.299416798791373	0.325073492642367	0.311849636469935	0.29003784787954	0.29786280743859	0.233114189008184	0.297758822153262	0.274840348268273	0.300414054984034	0.264338743169465	0.291183802409537	0.261044590707249	0.20750544050585	0.246675887085888	0.273105830481422	0.313410513568784	0.265773627251456	0.27686095778742	0.269462658936126	0.294069404723597	0.259100469408363	0.201478497788274	0.258181431607546	0.23912866051381	0.213736998614026	0.236773174970042	0.221666558595434	0.243406933638942	0.268876359548754	0.344996231726174	0.265148693510042	0.295378813498807	0.276609774550572	0.27740650969982	0.21681483221158	0.318041010186586	0.233511753483065	0.254567499495819
0.228573611576378	0.281184192927573	0.283653704810725	0.274307722449519	0.279426502875941	0.269410907337048	0.269758164757698	0.192818453582597	0.247980018921066	0.212223344307755	0.257361751605763	0.266141399397858	0.233854894668265	0.237070478673894	0.24469718380483	0.253839018572582	0.27338053391341	0.245440459196437	0.29687904824484	0.258480292536029	0.200878734757549	0.198042801486142	0.27513724443208	0.213426071911957	0.240122470988835	0.281813192204324	0.277658056210724	0.251743828031597	0.261242759909992	0.26620076377923	0.263830345500824	0.233910338094124	0.246221746574197	0.292277082142519	0.232513315223135	0.259891431407363	0.301087681539354	0.268744240581301	0.243492290060989	0.251890007177531	0.272148441431399	0.251477142693493	0.272967780807878	0.270625876672111	0.279598777642836	0.198641213752336	0.251966943616353	0.24207970173005	0.295822216065208	0.249524877818773	0.297981611739567	0.230172134099992	0.323128499856208	0.22615959855136	0.294822855519047	0.223615376655426	0.301867568956243	0.268866671704483	0.226156639616846	0.292320719938396	0.300545584893723	0.263742128655571	0.253508794441814	0.324098362178964	0.264846132566478	0.265916860881301	0.278928157893905	0.294182995615431	0.277213264989808	0.257300812285773	0.238418794192152	0.271732558409066	0.259021964180616	0.261244900866223	0.316215237842183	0.27649149838298	0.276319718711313	0.256360244529766	0.250433462287769	0.253625076144795	0.284408597098516	0.316566549254907	0.22310029546751	0.230949916598791	0.280522176253708	0.25023723878462	0.27119562094482	0.234201462659492	0.242186161823892	0.273030775498196	0.291325127661336	0.274419262047905	0.3007299022564	0.240869169488667	0.275693767237861	0.284911831354266	0.25369320157433	0.276582534391696	0.278247825136834	0.290754334225248
0.226432430404414	0.258315863610076	0.316974023731683	0.300008336567141	0.225998752090832	0.26253111712562	0.278512421432139	0.257762540278822	0.248971923889241	0.276606630228428	0.270630075475634	0.26786957247709	0.229520159288259	0.237767962591557	0.292927803800656	0.262942442463663	0.284614266761784	0.307685164557441	0.263334917704829	0.299371223815846	0.269960468391441	0.229525235704057	0.195344714063889	0.297417893458201	0.27276808448003	0.257150046995549	0.273423487789295	0.19702808164302	0.255907390759656	0.249557647669084	0.27840791366155	0.211093428528248	0.310108072005867	0.255347938251962	0.293069721538869	0.26541026283043	0.257755630753349	0.220648620291496	0.23069775204879	0.270734563670845	0.255946254823859	0.324180685916634	0.323029141879364	0.24166887044541	0.252999974422931	0.242009049049361	0.286265088953797	0.217808686612044	0.220739335873059	0.254410469671911	0.287532218782479	0.285216660459227	0.255271944925431	0.280958523974089	0.268838838996952	0.230523245890902	0.283048852854683	0.266045254521647	0.26685714346281	0.286471882563797	0.277872470237704	0.2816042939892	0.218644242705019	0.252290398475397	0.278438755984644	0.289015963926722	0.235644759357112	0.260773292001403	0.295622791990366	0.220313912918859	0.238845927072761	0.291455882147253	0.242680224234206	0.288732350786059	0.260585844746409	0.214952861875999	0.284950190315097	0.262625108430681	0.281219491984293	0.27278828795189	0.300689842122863	0.241337680663702	0.299230445595522	0.237229542630052	0.257615136733373	0.294105733459326	0.2352203819855	0.350346882252438	0.223890348951173	0.242488076053892	0.224625887940619	0.269284650428552	0.252363290863304	0.264861766560521	0.225952815805708	0.292863007563244	0.283619960596918	0.23313837710246	0.256874970989408	0.255105755846355
0.308503719142479	0.198379223554572	0.227058285809318	0.257576422135728	0.290623995625477	0.287375260440402	0.247610846323337	0.226955159051281	0.28770666761425	0.270336885990641	0.307214386987153	0.285785455749194	0.259430722937894	0.240991452601436	0.223536511114538	0.227210796708609	0.254536212076648	0.309599698289539	0.248905816510582	0.253738834841691	0.256257840154804	0.221444906039685	0.277545867746303	0.290195952795787	0.25635299480509	0.279827416512599	0.282606966027026	0.327425919726483	0.237371950423676	0.256303550948415	0.225867929071653	0.227238381051818	0.330259857222315	0.232926399720112	0.284290056459805	0.23532418062855	0.270178735064208	0.238668645978842	0.269673695757534	0.256041980330662	0.291437446654035	0.298654647211416	0.265614554673155	0.22369627464148	0.255276128609262	0.269096258271213	0.280894411621575	0.26240024807885	0.30487162204416	0.228539797593396	0.234231233271926	0.255011658498094	0.279981030215104	0.296146567878155	0.280066844140155	0.277890881440177	0.266067832977003	0.214567560057424	0.227585556077463	0.267257054008882	0.302676260984808	0.274407801183275	0.301545659383076	0.220545156931143	0.278332882278183	0.217648930532961	0.221804962540083	0.236075954202825	0.242232692545215	0.239653572907607	0.269235962645726	0.207106313812667	0.271342279381927	0.258580842444711	0.278746610389086	0.262179312221916	0.318717415479721	0.259961863024255	0.246100492696484	0.260253441697202	0.273694764731217	0.269100207497253	0.264291540393534	0.273265620125681	0.235503072276686	0.255607266835497	0.229721568226475	0.269163753516533	0.300809030431423	0.274974136079525	0.280398786317697	0.274561518166543	0.2404627427543	0.303685392505493	0.20568498085452	0.296741309399487	0.26784728938788	0.27548173683135	0.270965901851206	0.252747353950191
0.203919590707821	0.259957747490278	0.257690290659704	0.253589935639506	0.277609254743057	0.242672610050338	0.252622021520824	0.317760723250898	0.250552095210536	0.197414999065565	0.235388202164949	0.307603383517203	0.265499645797958	0.258183814641772	0.268915599482681	0.266075355672229	0.261661288980188	0.239110342565117	0.276042442728247	0.292234008829195	0.252842609278047	0.267953470452079	0.267299622057726	0.286504320453834	0.255738611384215	0.258269911823893	0.261744098863529	0.305908287698421	0.243624501000405	0.255006556736144	0.278550602632504	0.249127230967621	0.220564243623186	0.221885086440493	0.238854144875527	0.210521124724266	0.302199382623816	0.291931096595793	0.244425512214244	0.236411144436679	0.267363660239117	0.228345791102102	0.290243144444273	0.278885975194311	0.251367626253528	0.252775483317492	0.247549499081979	0.267615610524573	0.25695710941458	0.247946049252525	0.230783681590865	0.183041573309766	0.245558767067574	0.250192557290411	0.23872687681129	0.305157609917941	0.222538726086474	0.217192172149934	0.2568437073022	0.283225677140536	0.243448957027896	0.196591311215584	0.290792190383891	0.254922865023254	0.23317492091299	0.264930849063949	0.294085744469712	0.274037906217082	0.24520439652562	0.228488280647908	0.282277944902695	0.22039653075954	0.230378465430997	0.277818327031895	0.238109882348277	0.248307768798383	0.262582538513761	0.290570353139864	0.310500219830213	0.254803780454448	0.288690743710663	0.260102703798787	0.30801047644802	0.268931284779253	0.291141263186899	0.285164714234889	0.262421494588272	0.262137437734914	0.307522569534491	0.217609504464365	0.284842193552288	0.262862543174859	0.293420504756664	0.283612249011828	0.275085022994443	0.243825523083405	0.299970391005892	0.238935962104854	0.273758982513515	0.272606198425469
0.291325808652794	0.286042265990277	0.271651066957139	0.268034117950952	0.275991427084803	0.240624406848787	0.320095318968584	0.225074372789395	0.251504243824544	0.200329302462841	0.227873790337807	0.301300578709276	0.265333911056283	0.263133584740499	0.24269984065896	0.348331702639294	0.281085569540401	0.275223418199459	0.252805177329246	0.220793481473275	0.23213578250757	0.267252750527985	0.240517914386135	0.307087176963718	0.26578415841848	0.312497581847788	0.242532160133249	0.234375517402369	0.256295752502889	0.312271526912264	0.224509074366928	0.22297884467352	0.30575718813271	0.311879256404398	0.257982472107495	0.21242665902087	0.273375487051521	0.260751106931184	0.203458037846808	0.264993627358581	0.204806142657105	0.255621955056528	0.250971449596185	0.281118048006067	0.254323299956185	0.236006565101624	0.289083008687432	0.286984447920937	0.251665291675426	0.26758097285978	0.28707222095647	0.256872222662965	0.264380699156954	0.24181096743537	0.282114374392216	0.255011218690864	0.259749585708086	0.277675537035524	0.278382408347302	0.319435142620545	0.265812260825861	0.281033752385922	0.326931183556984	0.275466129313636	0.273459043138062	0.261294274552332	0.279093347042938	0.338896305381599	0.289310591776931	0.261172926786818	0.254820707359502	0.244380577425291	0.267559035300166	0.228407750013159	0.298152327340701	0.257560883086089	0.263018202905349	0.287958169454303	0.244450375715006	0.201690758470423	0.248929549854317	0.259643357246962	0.274957961674416	0.302464095618905	0.221414983719568	0.283405291478381	0.234663914547841	0.258647393956006	0.28816741178546	0.256142239230744	0.293166855155501	0.308840654792227	0.300810355363405	0.292850760306432	0.239072455744075	0.277463062435395	0.254712940683402	0.276510177506625	0.304302594862831	0.263791751084776
0.270120828523841	0.268825663512676	0.259210230948324	0.272976574821241	0.234636923116521	0.179377616590986	0.256003406378801	0.236293453437753	0.260787063556371	0.243569860757465	0.239454317124957	0.240993449949769	0.255002816384453	0.273765937683897	0.310258672438215	0.227695285405367	0.266237406369451	0.276905031604955	0.263464846390326	0.201044735653122	0.213847043028796	0.268431989439702	0.247388464568771	0.303094643109013	0.262310858332822	0.209389862180178	0.251038763559653	0.224437618885035	0.255981466550831	0.285213141318253	0.262447277145397	0.240471330871723	0.251554168885503	0.250088288378624	0.288880296875586	0.265386347966404	0.314278093724571	0.193436255745977	0.313520319189734	0.27028586009414	0.208483149498832	0.276247983641714	0.259016349498655	0.256483889026029	0.255216442096503	0.22672301430821	0.257978334351375	0.266831227822028	0.194234165166779	0.25776427458389	0.224474667673891	0.243793138162664	0.296031027922381	0.230927890150231	0.267969202684462	0.269866962826268	0.233141574878402	0.259887475677476	0.246033485531425	0.265990922840351	0.284586431838538	0.254393815254577	0.263543916342201	0.239115323951547	0.324572881704392	0.308275313242381	0.245053597703367	0.27439823819851	0.243092520943837	0.211804598114429	0.228581860410561	0.235523914969598	0.188740267883546	0.232926512855494	0.318898929920483	0.258502581115602	0.242718641313629	0.229986645328299	0.247126082850043	0.285313425765835	0.253122188345815	0.264040215045782	0.262239554345679	0.262013099847031	0.313841519260337	0.266381884097993	0.247513936899055	0.299947593079461	0.252690572047037	0.254559478933191	0.256741899582813	0.237031409961478	0.21597440059611	0.218910585264847	0.253633676323565	0.235400902042692	0.253696166867914	0.300386932516792	0.27112327853463	0.23333472622693
0.250964510899496	0.217669280587938	0.213219274017585	0.240214694811544	0.280188384392961	0.266584154421053	0.249527514246196	0.238820261712781	0.294790838596529	0.221860550549463	0.254236712324328	0.277279174216479	0.294021809335752	0.251615651708539	0.298671685042629	0.244645811058012	0.263975140385052	0.229552586640991	0.244072372911231	0.239946644478313	0.282001008901492	0.234084631658369	0.299218304544389	0.255843021179514	0.251377637809417	0.262347500046555	0.234153035223676	0.202963727166336	0.264837273459286	0.248994409794328	0.230664347612894	0.257518882644857	0.211424543482931	0.23915377654204	0.267400639968041	0.233982463091141	0.278273968259001	0.267342885627924	0.255700307642619	0.294851132674544	0.224040235553688	0.219822973966391	0.251374892171981	0.235219113476401	0.286451284947032	0.210020946635784	0.201614992721329	0.257816195611699	0.256640328975094	0.213080642662902	0.234987952042823	0.243222864761074	0.193620078450778	0.260905001353751	0.277263752839357	0.287307824773955	0.267549791770736	0.263327339098453	0.224873606155265	0.253674840779126	0.247756576143143	0.251445098397727	0.292093892691074	0.258903036229765	0.196533929866776	0.244824765053492	0.25415729361093	0.289141913050937	0.271073716724656	0.268225731826268	0.290244320866078	0.21921335873529	0.221452069275117	0.25895852681862	0.209230430869169	0.251462185992047	0.249293923769118	0.236262446105421	0.257043476730748	0.239853400305635	0.229753812748056	0.210498187049968	0.276741233869177	0.313468699039487	0.272141664844141	0.270503340632893	0.291136953784454	0.255702176895356	0.236571253259618	0.26542005242663	0.295415564055193	0.25429144008824	0.248164148272827	0.231962479978994	0.211820412358052	0.219393259220192	0.320783299095127	0.273756202725667	0.235731847791655	0.27316019434414
0.233157289337872	0.249771569437146	0.292534962691652	0.213945940434048	0.218732878553381	0.253782981330517	0.21265939812041	0.210320228902266	0.250198692582872	0.281293127533434	0.223734563442478	0.177160781869689	0.239515622037668	0.231102554042799	0.201790502142154	0.21664132834112	0.227392399447554	0.270237028889709	0.240091884747391	0.251275244706212	0.233608096334716	0.27183838685284	0.249191969897026	0.29487054412218	0.27223218067499	0.266388781607893	0.220693751158801	0.25472141775388	0.276814287142573	0.259999179954654	0.244876759813712	0.203793583414139	0.225593911872609	0.225496806239953	0.213291964347777	0.238890889740276	0.253863780276694	0.248061223789395	0.24423214952259	0.266521404750971	0.193848779322337	0.267185665491459	0.25935526960738	0.261148117113431	0.188808835938435	0.239630150234211	0.296751182727083	0.242714609897345	0.249923188701445	0.258523053563344	0.237451544901819	0.243866470583484	0.290535313356457	0.245075731497728	0.253172893003237	0.238782007278925	0.262220213950328	0.278468321651506	0.268415986087632	0.257502407806371	0.262171097093791	0.231375022813666	0.207748402739093	0.212213543489718	0.269688976790421	0.267993747997377	0.229562066889107	0.276795168643678	0.279039733120384	0.1962979895945	0.278040576769093	0.222650335768077	0.273701826573536	0.227289620703807	0.262987198260566	0.247576691535515	0.242539402428914	0.223999676324494	0.167434471431614	0.259623108641196	0.226284026505254	0.272128357582685	0.211743909271183	0.294269911326086	0.248986245495329	0.237259416715295	0.22780577695094	0.284707631909499	0.228598612820324	0.257017216568404	0.280805385953145	0.217564969376355	0.257627031657514	0.243108088962726	0.220827699970634	0.235666561924874	0.199077417243226	0.228885311423835	0.270532757829807	0.236359586806521
0.225249748167921	0.247592630104288	0.250298078963938	0.207320951850121	0.241389828977453	0.237725794460328	0.274068680412582	0.233587523403816	0.222205963933708	0.260030072342629	0.239940050335585	0.237776696297466	0.207593741620686	0.279582933138042	0.282526756281716	0.265512630337329	0.24241176911458	0.207772985003996	0.226228165930304	0.235600902964102	0.285061409010776	0.235989841673576	0.283728573492398	0.273313060271542	0.278212094506846	0.266877272072028	0.22401215363781	0.248699909668559	0.209149324409848	0.25323851517522	0.240599733033394	0.217923072311985	0.2228884060103	0.299527650075557	0.249448798463952	0.204732893054937	0.276360684389854	0.193856795485775	0.224827290162798	0.291958395983737	0.245980545547158	0.280207653216095	0.229345246159381	0.267953758882456	0.220877716727354	0.281211360260157	0.218411017050302	0.25148559697955	0.319060022433247	0.238960471494085	0.221205952685074	0.237936135196031	0.261650604900108	0.257024330905899	0.299650661438694	0.197491736246045	0.20592790869616	0.226783633016091	0.226285326559532	0.298329658481648	0.230436986817904	0.218246182074942	0.258549309454093	0.264394956812659	0.285377166164586	0.230311049686117	0.249588586472452	0.235630178095313	0.184747058030865	0.24659735519702	0.175198013688254	0.214975491377723	0.293849476894064	0.235737744747025	0.21851594588184	0.244475963641112	0.262369807297767	0.246969330528568	0.236251382062913	0.220359058533321	0.216985221685732	0.237600083357114	0.254648149003498	0.271141401123165	0.209336365303836	0.262654512383054	0.24430682783129	0.296161252711664	0.272220010616651	0.29070200391424	0.241668392805379	0.310463842781858	0.237720281919678	0.246770714943583	0.2380129174416	0.291124002942536	0.252415923032151	0.261319111683224	0.279850046289071	0.256375140958595
0.275875654520219	0.217060153097415	0.241898888990471	0.242096582398234	0.243644637796295	0.238060906412508	0.229774410358786	0.279474656099864	0.290448604637085	0.253310136288925	0.226353813477323	0.227049445579368	0.255862363575635	0.232430690192085	0.293052260821813	0.257682875637891	0.208844231450458	0.185450320932452	0.207963732545858	0.26243139096526	0.247261676086359	0.242840893375004	0.301828981146225	0.268353153549879	0.223866340954791	0.246284424925111	0.241767895200202	0.276876600141387	0.209895793482401	0.280725816064364	0.234509042250759	0.20324727072375	0.234472477831058	0.235202259983536	0.295879194644442	0.247917727805295	0.333794836233484	0.194012620655868	0.206310274503789	0.249226212452632	0.268102198018068	0.245198708488678	0.232976566299785	0.266371263369733	0.23110489960958	0.2669334090162	0.300487824442214	0.253695029395935	0.319253480700631	0.279600974251739	0.261187344604907	0.275808389707439	0.238463102767321	0.238128329285263	0.153180676337124	0.251859553677175	0.20695933117329	0.264601725584349	0.261330732820892	0.205057253889455	0.226165310642868	0.1850869293304	0.269730367248508	0.184980573269619	0.30026387853022	0.260594817375457	0.238795795203268	0.244368085758358	0.25767715439976	0.253783189515582	0.269393459516106	0.25232084063558	0.227669741583924	0.296167959836303	0.233335826690619	0.304268500452605	0.225619081834151	0.26114211239395	0.253114578560163	0.231838837463392	0.250907980332159	0.239432252813619	0.276354069876017	0.231991564744675	0.286990092456943	0.194173236285307	0.237477267044451	0.226898385151661	0.222749469662179	0.3017194831687	0.250620663817259	0.287610650473859	0.24811551981699	0.242723061048558	0.268144194930817	0.276274210420062	0.27814318690947	0.253578282512073	0.219712271108433	0.2529581687514
0.295838621879114	0.197812721872678	0.251332751182228	0.257362321197458	0.205501358936212	0.199312456294532	0.24593036978491	0.236545721319364	0.28699222279041	0.254295516075116	0.232218583993878	0.161102097390236	0.301170734882297	0.214100945262392	0.258786153055565	0.297621101028079	0.235584764537011	0.233279761865527	0.268720873153466	0.296138963965706	0.182874572862119	0.283408769583779	0.23048308453885	0.300751881039424	0.247613282424488	0.274540498388333	0.242223254605158	0.234309712142019	0.213299174351684	0.183922866211409	0.231462828550714	0.274016323022762	0.264149428581594	0.274836666696963	0.202207728208945	0.240993964449894	0.217352260609839	0.305674378563029	0.229115386587453	0.194110758107518	0.293839212027931	0.31029096985409	0.223576289989792	0.289298997183067	0.238798429265292	0.229778254054864	0.251959811033255	0.202094357536865	0.225318833548408	0.260581367664537	0.268713127209385	0.211051854015196	0.30333941170368	0.275200144620438	0.216192279565991	0.302763559258524	0.267130623962468	0.2624685830785	0.240628408098746	0.26662835873381	0.280795695438942	0.253030203782674	0.268061494786126	0.231877500422803	0.254280585909322	0.21314133937459	0.269787873681718	0.244011291403002	0.297978614264026	0.222526425739825	0.231501381011873	0.2353238106278	0.328087985589861	0.203695780386926	0.249701514044716	0.206274020124691	0.26962931977959	0.236805113000453	0.221144230837162	0.242957745421372	0.245551279353763	0.225151060543591	0.242163176833129	0.208612118816106	0.22585549775215	0.28922794926351	0.24647748107402	0.248634469049312	0.234812437513474	0.196301094181337	0.236504172740958	0.200399808109555	0.271349322476525	0.310854558170836	0.27078488566384	0.248614441790272	0.215194300779219	0.242390757172303	0.268688281032888	0.263705912556489
0.246932927982368	0.237804048321905	0.293655756662367	0.220489274380409	0.221377793663487	0.244117133850195	0.213614559343303	0.274245394816794	0.277136933998243	0.221472278882124	0.267101683223431	0.254713772087641	0.237538172343368	0.253379217833885	0.263250833639006	0.270739106484526	0.231515417454399	0.228056280821649	0.281622037304269	0.246340964392807	0.253746820373634	0.20602582083052	0.281820662468743	0.293877885054333	0.214167857492874	0.259337748745093	0.245895016344853	0.208042434048729	0.243809450219101	0.207474676199898	0.211730123427368	0.221769943993667	0.224448456003844	0.305110960477707	0.202904048284805	0.241885608123335	0.263446212139743	0.253677305478157	0.248384692790813	0.242562612109471	0.243331046048195	0.215104702251024	0.258994668770748	0.274244609231299	0.25343710916147	0.220707912424437	0.231784821014387	0.328714134346859	0.255848595428024	0.233493813526796	0.21006627875307	0.193193034376984	0.297338914138915	0.276530612116834	0.166169187204036	0.270156520893433	0.273540104957882	0.271464529673624	0.254134796666844	0.22555955707473	0.291044176881332	0.246961724905869	0.215098313970433	0.24242895952328	0.188525971325361	0.188056589441586	0.17265525460957	0.262784564661404	0.300643416203969	0.265176263576357	0.210700968678788	0.263583589169057	0.259109207192134	0.240360229255408	0.202568340695818	0.261492115154879	0.248560222260995	0.237660661780366	0.197249767023307	0.235695341219728	0.240314167607753	0.248056090117164	0.242344580735617	0.204803918011163	0.261177959830495	0.205366290725111	0.257855573690725	0.181828011521969	0.259776737615163	0.26299510731713	0.209674701061041	0.182383128146553	0.22638250914121	0.209142369994672	0.228928259807969	0.251728672682778	0.201724947165844	0.234744779172661	0.277777422354973	0.244182079092384
0.25852968050812	0.264975647215219	0.258092003040108	0.207777631981007	0.260573115656607	0.225921453575983	0.1974234123805	0.234678926438184	0.239995719602069	0.27125021536642	0.267661335910716	0.253019294463758	0.245608609928924	0.238126541633024	0.266624865862326	0.229253376271303	0.203144174193358	0.237433663623334	0.286049175181127	0.24821303777194	0.234687650452891	0.284675694608374	0.262061300308882	0.256899890948706	0.275584609382405	0.229036888649759	0.246988456989884	0.244829245155778	0.25436297385704	0.240062690461519	0.259564319526068	0.23702588910716	0.253333818738737	0.226345814193749	0.233652344600487	0.242450526576396	0.29753695853508	0.308045286394274	0.230278188482214	0.226267838184922	0.288007478677709	0.228093503495616	0.231803633273598	0.250592470114715	0.245557836999226	0.285613047055284	0.223203680721855	0.179795807598901	0.192151171621836	0.206038652765975	0.208965835816412	0.272065856957907	0.21830971697172	0.26120778039109	0.252409847426637	0.235009564793427	0.260337019778971	0.264870274089475	0.261129001252275	0.250532441636639	0.261883895303766	0.248078363664461	0.164173941916162	0.219587831841205	0.277254612251495	0.221789992210381	0.237438800147432	0.260765025060425	0.230973699014873	0.2425092231561	0.253846029521636	0.24388388658044	0.239942034884838	0.272523763588145	0.24092707073754	0.266585862547674	0.223157353419397	0.268186266371019	0.218098765089856	0.222812734624498	0.224784259021221	0.220000964014131	0.247000461073622	0.196984964294117	0.235131116083599	0.249398984650975	0.239358209451072	0.211894322939187	0.27171229059526	0.270250804525361	0.2252440952729	0.196949717401125	0.239237408440836	0.239949904760162	0.224776208688678	0.236109344204578	0.207725705248519	0.2857639611759	0.251672620462234	0.281503696101514
0.217660950546977	0.242069449376108	0.241439828303483	0.204565463938822	0.22838291842617	0.24847474574741	0.315024036760946	0.191567179318337	0.266102096245193	0.281079206969043	0.227780763280362	0.28045377883694	0.188772054431462	0.269683076377757	0.292342493551005	0.258447374627503	0.256637310456212	0.191602723838049	0.207099434622907	0.238308016232547	0.243279707376833	0.214971119352451	0.208279747594563	0.264275933058668	0.25668855824933	0.231138763939857	0.242177094295198	0.249405446235605	0.259158472817698	0.28363747638954	0.232475616387639	0.224298686158237	0.201357692925143	0.26943799292185	0.180941841020219	0.255241583035613	0.23709407404219	0.270350501217252	0.286294970694278	0.308994745295303	0.268182113116932	0.237419234221877	0.326042844477739	0.231496208292475	0.281104198031777	0.237766432126696	0.243483619676123	0.218008000921644	0.224645590385247	0.189215298968293	0.207947341400734	0.25227528515473	0.267096115129182	0.258263855561904	0.250017725763523	0.267250052503773	0.240028217613495	0.294654786080393	0.183233156886674	0.214012389503575	0.289737104996032	0.242581451069012	0.218176907521075	0.20766383645195	0.230374062425155	0.28043112748475	0.245782621158617	0.292893205427888	0.231152848317283	0.254126842889275	0.301929665394176	0.204027066247332	0.270375152117302	0.280486338031148	0.287068984595479	0.238692782804908	0.241966964048331	0.242887679019901	0.238942871554958	0.245250010304127	0.206144703803502	0.25706498382742	0.262679367415447	0.21672115574503	0.22603960582705	0.224011080428542	0.235050667404931	0.241691381574574	0.246342614762155	0.246320536660671	0.244699475521013	0.243044053126943	0.239142430489122	0.262954128439677	0.279002850689356	0.209383449247931	0.177094647363818	0.248655245060196	0.273822665171102	0.262698300512277
0.204307536323532	0.211862798633695	0.278649218396923	0.214772982381561	0.235353086064063	0.243900861572149	0.248366048279064	0.269741400463995	0.245806862012045	0.234099793533367	0.232619736372833	0.211661066363268	0.264826604239227	0.268223852574785	0.241549120182114	0.21708273270998	0.225810637142203	0.273713482900913	0.207510745143263	0.256973978608778	0.175266903985542	0.291663755972996	0.244508854596117	0.246924498020888	0.249244315557254	0.175099906410655	0.271839324049578	0.235490807944161	0.266436324168087	0.254450726432637	0.233122731795639	0.258153116289697	0.219750925825451	0.21566559556039	0.212479346194387	0.277422931464973	0.264781268055755	0.232488848909248	0.230151873523459	0.256181650248777	0.272698185121029	0.216840686487738	0.244622381775211	0.245620903463099	0.211813419088105	0.245297139240712	0.216282873604403	0.206504439182992	0.219413786732764	0.235484429534913	0.274527955233013	0.245315174520997	0.287451552797797	0.219459969085405	0.268977167035726	0.218326090067924	0.246378188329695	0.257484542432753	0.230371741950473	0.281377727220435	0.24952586581333	0.242703360700531	0.228626692141912	0.21970304303083	0.320481848263388	0.231909735424095	0.286296382859078	0.261885106710574	0.2159923442166	0.216577890879045	0.220819023468349	0.25083241331318	0.204292694188688	0.19052328428433	0.272993234517808	0.26046379418545	0.219204754123478	0.268180890552555	0.262338334319573	0.212826809256422	0.193945549561566	0.220288698332469	0.255822223502572	0.264941902061923	0.20321123477891	0.245453616495616	0.251642796599776	0.214057526327564	0.235581470469994	0.250265413252649	0.265529089690894	0.307007122171877	0.217382886034458	0.207518735442855	0.239527753230927	0.184256545321491	0.278663134270556	0.260429592822345	0.228239060782502	0.25019319019367
